"11";"DISPONIBLE";" "
"1105";"CAJA";" "
"110505";"CAJA GENERAL";" "
"11050501";"CAJA GENERAL";" "
"110510";"CAJAS MENORES";" "
"1110";"BANCOS Y OTRAS ENTIDADES";" "
"111005";"BANCOS COMERCIALES";" "
"11100501";"BANCO COMERCIAL 1";" "
"11100502";"BANCO COMERCIAL 2";" "
"11100503";"BANCO COMERCIAL 3";" "
"11100504";"BANCO COMERCIAL 4";" "
"11100505";"BANCO COMERCIAL 5";" "
"111010";"BANCOS COOPERATIVOS";" "
"11101001";"BANCO COOPERATIVO 1";" "
"11101002";"BANCO COOPERATIVO 2";" "
"11101003";"BANCO COOPERATIVO 3";" "
"11101004";"BANCO COOPERATIVO 4";" "
"11101005";"BANCO COOPERATIVO 5";" "
"111015";"ENTIDADES SECTOR SOLIDARIO";" "
"11101501";"BANCO SOLIDARIO 1";" "
"11101502";"BANCO SOLIDARIO 2";" "
"11101503";"BANCO SOLIDARIO 3";" "
"11101504";"BANCO SOLIDARIO 4";" "
"11101505";"BANCO SOLIDARIO 5";" "
"111020";"ENTIDADES DEL EXTERIOR";" "
"1115";"FONDOS ESPECIFICOS";" "
"111505";"FONDOS ESPECIALES";" "
"111510";"FONDOS DE CAMBIO";" "
"1120";"FONDOS DE LIQUIDEZ";" "
"112005";"DEPOSITO DE AHORRO A LA VISTA";" "
"112010";"OTROS";" "
"1130";"REMESAS EN TRANSITO";" "
"113005";"REMESAS DEL PAIS";" "
"113010";"REMESAS DE OTRO PAIS";" "
"12";"INVERSIONES ";" "
"1201";"COMPROMISOS DE REVENTA DE INVERSIONES";" "
"120105";"BANCOS";" "
"120110";"CORFPORACIONES FINANCIERAS";" "
"120115";"COMPA";" "
"120116";"SOCIEDADES FIDUCIARIAS";" "
"120117";"SOCIEDADES ADMINISTRADORAS DE FONDOS DE PENSIONES Y DE CESANTIAS";" "
"120120";"OTRAS ENTIDADES FINANCIERAS";" "
"120125";"BANCO DE LA REP";" "
"120130";"TESORER";" "
"120135";"ENTIDADES DEL SECTOR P";" "
"120140";"RESIDENTES DEL EXTERIOR";" "
"120145";"COOPERATIVAS";" "
"120150";"FONDOS DE EMPLEADOS";" "
"120195";"OTRAS";" "
"1202";"COMPROMISOS DE REVENTA DE CARTERA";" "
"120205";"BANCOS";" "
"120210";"CORPORACIONES FINANCIERAS";" "
"120220";"COMPA";" "
"120225";"OTRAS ENTIDADES FINANCIERAS";" "
"120230";"BANCO DE LA REP";" "
"120235";"TESORER";" "
"120240";"ENTIDADES DEL SECTOR P";" "
"120245";"RESIDENTES DEL EXTERIOR";" "
"120250";"COOPERATIVAS";" "
"120255";"FONDOS DE EMPLEADOS";" "
"120295";"OTRAS";" "
"1203";"FONDO DE LIQUIDEZ";" "
"120305";"TITULOS EMITIDOS, AVALADOS, ACEPTADOS O GARANTIZADOS POR INSTITUCIONES VIGILADAS POR LA SUPERINTENDE";" "
"120310";"CERTIFICADO DE DEP";" "
"120320";"FONDOS FIDUCIARIOS";" "
"120325";"FONDOS DE VALORES";" "
"120330";"PATRIMONIO AUTONOMO";" "
"1204";"INVERSIONES NEGOCIABLES EN TITULOS DE DEUDA";" "
"120401";"TITULOS DE DEUDA P";" "
"120402";"TITULOS DE DEUDA P";" "
"120403";"OTROS TITULOS DE DEUDA P";" "
"120404";"TITULOS EMITIDOS, AVALADOS O GARANTIZADOS POR EL FOGAFIN";" "
"120405";"TITULOS EMITIDOS, AVALADOS O GARANTIZADOS POR EL FOGACOOP";" "
"120406";"TITULOS EMITIDOS POR EL BANCO DE LA REPUBLICA";" "
"120407";"BONOS HIPOTECARIOS";" "
"120408";"TITULOS HIPOTECARIOS";" "
"120409";"TITULOS DE CONTENIDO CREDITICIO DERIVADOS DE PROCESOS DE TITULARIZACION DE CARTERA HIPOTECARIA";" "
"120410";"TITULOS DE CONTENIDO CREDITICIO DERIVADOS DE PROCESOS DE TITULARIZACION DE SUBYACENTES DISTINTOS DE";" "
"120411";"TITULOS EMITIDOS, AVALADOS, ACEPTADOS O GARANTIZADOS POR INSTITUCIONES VIGILADAS POR LA SUPERINTENDE";" "
"120414";"TITULOS EMITIDOS POR ENTIDADES NO VIGILADAS POR LA SUPERINTENDENCIA BANCARIA (INCLUIDOS LOS BONOS OB";" "
"120415";"TITULOS EMITIDOS, AVALADOS O GARANTIZADOS POR GOBIERNOS EXTRANJEROS";" "
"120416";"TITULOS EMITIDOS, AVALADOS O GARANTIZADOS POR BANCOS CENTRALES EXTRANJEROS";" "
"120417";"TITULOS EMITIDOS, AVALADOS, GARANTIZADOS O ACEPTADOS POR BANCOS DEL EXTERIOR";" "
"120418";"TITULOS EMITIDOS, AVALADOS O GARANTIZADOS POR ORGANISMOS MULTILATERALES DE CR";" "
"120442";"TITULOS EMITIDOS POR RESIDENTES EN EL EXTERIOR";" "
"120495";"OTROS TITULOS";" "
"1206";"INVERSIONES NEGOCIABLES EN TITULOS PARTICIPATIVOS";" "
"120601";"ACCIONES CON ALTA LIQUIDEZ BURSATIL";" "
"120602";"ACCIONES CON MEDIA LIQUIDEZ BURSATIL";" "
"120605";"PARTICIPACIONES EN FONDOS COMUNES ORDINARIOS";" "
"120606";"PARTICIPACIONES EN FONDOS COMUNES ESPECIALES";" "
"120607";"PARTICIPACIONES EN FONDOS DE VALORES";" "
"120608";"TITULOS PARTICIPATIVOS DERIVADOS DE PROCESOS DE TITULARIZACION";" "
"120609";"TITULOS MIXTOS DERIVADOS DE PROCESOS DE TITULARIZACION";" "
"120610";"PARTICIPACIONES EN FONDOS MUTUOS DE INVERSION INTERNACIONALES QUE INVIERTAN EXCLUSIVAMENTE EN TITULO";" "
"120611";"PARTICIPACIONES EN FONDOS INDICE";" "
"120612";"PARTICIPACION EN FONDOS MUTUOS DE INVERSION INTERNACIONALES QUE INVIERTAN EXCLUSIVAMENTE EN RENTA VA";" "
"120613";"PARTICIPACION EN FONDOS DE INVERSION";" "
"120614";"PARTICIPACION EN FONDOS DE PENSIONES Y CESANTIAS";" "
"1208";"INVERSIONES PARA MANTENER HASTA EL VENCIMIENTO";" "
"120801";"TITULOS DE DEUDA P";" "
"120802";"TITULOS DE DEUDA P";" "
"120803";"OTROS TITULOS DE DEUDA P";" "
"120804";"TITULOS EMITIDOS, AVALADOS O GARANTIZADOS POR EL FOGAFIN";" "
"120805";"TITULOS EMITIDOS, AVALADOS O GARANTIZADOS POR EL FOGACOOP";" "
"120806";"TITULOS EMITIDOS POR EL BANCO DE LA REPUBLICA";" "
"120807";"BONOS HIPOTECARIOS";" "
"120808";"TITULOS HIPOTECARIOS";" "
"120809";"TITULOS DE CONTENIDO CREDITICIO DERIVADOS DE PROCESOS DE TITULARIZACION DE CARTERA HIPOTECARIA";" "
"120810";"TITULOS DE CONTENIDO CREDITICIO DERIVADOS DE PROCESOS DE TITULARIZACION DE SUBYACENTES DISTINTOS DE";" "
"120811";"TITULOS EMITIDOS, AVALADOS, ACEPTADOS O GARANTIZADOS POR INSTITUCIONES VIGILADAS POR LA SUPERINTENDE";" "
"120814";"TITULOS EMITIDOS POR ENTIDADES NO VIGILADAS POR LA SUPERINTENDENCIA BANCARIA (INCLUIDOS LOS BONOS OB";" "
"120815";"TITULOS EMITIDOS, AVALADOS O GARANTIZADOS POR GOBIERNOS EXTRANJEROS";" "
"120816";"TITULOS EMITIDOS, AVALADOS O GARANTIZADOS POR BANCOS CENTRALES EXTRANJEROS";" "
"120817";"TITULOS EMITIDOS, AVALADOS, GARANTIZADOS O ACEPTADOS POR BANCOS DEL EXTERIOR";" "
"120818";"TITULOS EMITIDOS, AVALADOS O GARANTIZADOS POR ORGANISMOS MULTILATERALES DE CR";" "
"120842";"TITULOS EMITIDOS POR RESIDENTES EN EL EXTERIOR";" "
"120895";"OTROS TITULOS";" "
"1213";"INVERSIONES DISPONIBLES PARA LA VENTA EN TITULOS DE DEUDA";" "
"121301";"TITULOS DE DEUDA P";" "
"121302";"TITULOS DE DEUDA P";" "
"121303";"OTROS TITULOS DE DEUDA P";" "
"121304";"TITULOS EMITIDOS, AVALADOS O GARANTIZADOS POR EL FOGAFIN";" "
"121305";"TITULOS EMITIDOS, AVALADOS O GARANTIZADOS POR EL FOGACOOP";" "
"121306";"TITULOS EMITIDOS POR EL BANCO DE LA REPUBLICA";" "
"121307";"BONOS HIPOTECARIOS";" "
"121308";"TITULOS HIPOTECARIOS";" "
"121309";"TITULOS DE CONTENIDO CREDITICIO DERIVADOS DE PROCESOS DE TITULARIZACION DE CARTERA HIPOTECARIA";" "
"121310";"TITULOS DE CONTENIDO CREDITICIO DERIVADOS DE PROCESOS DE TITULARIZACION DE SUBYACENTES DISTINTOS DE";" "
"121311";"TITULOS EMITIDOS, AVALADOS, ACEPTADOS O GARANTIZADOS POR INSTITUCIONES VIGILADAS POR LA SUPERINTENDE";" "
"121314";"TITULOS EMITIDOS POR ENTIDADES NO VIGILADAS POR LA SUPERINTENDENCIA BANCARIA (INCLUIDOS LOS BONOS OB";" "
"121315";"TITULOS EMITIDOS, AVALADOS O GARANTIZADOS POR GOBIERNOS EXTRANJEROS";" "
"121316";"TITULOS EMITIDOS, AVALADOS O GARANTIZADOS POR BANCOS CENTRALES EXTRANJEROS";" "
"121317";"TITULOS EMITIDOS, AVALADOS, GARANTIZADOS O ACEPTADOS POR BANCOS DEL EXTERIOR";" "
"121318";"TITULOS EMITIDOS, AVALADOS O GARANTIZADOS POR ORGANISMOS MULTILATERALES DE CR";" "
"121342";"TITULOS EMITIDOS POR RESIDENTES EN EL EXTERIOR";" "
"121395";"OTROS TITULOS";" "
"1216";"INVERSIONES DISPONIBLES PARA LA VENTA EN TITULOS PARTICIPATIVOS";" "
"121601";"ACCIONES CON ALTA LIQUIDEZ BURSATIL";" "
"121602";"ACCIONES CON MEDIA LIQUIDEZ BURSATIL";" "
"121604";"ACCIONES CON BAJA Y M";" "
"121608";"TITULOS PARTICIPATIVOS DERIVADOS DE PROCESOS DE TITULARIZACION";" "
"121609";"TITULOS MIXTOS DERIVADOS DE PROCESOS DE TITULARIZACION";" "
"121695";"OTROS TITULOS";" "
"1231";"DERECHOS DE RECOMPRA DE INVERSIONES NEGOCIABLES EN TITULOS DE DEUDA";" "
"123101";"TITULOS DE DEUDA PUBLICA INTERNA EMITIDOS O GARANTIZADOS POR LA NACION";" "
"123102";"TITULOS DE DEUDA PUBLICA EXTERNA EMITIDOS O GARANTIZADOS POR LA NACION";" "
"123103";"OTROS TITULOS DE DEUDA PUBLICA";" "
"123104";"TITULOS EMITIDOS, AVALADOS O GARANTIZADOS POR EL FOGAFIN";" "
"123105";"TITULOS EMITIDOS, AVALADOS O GARANTIZADOS POR EL FOGACOOP";" "
"123106";"TITULOS EMITIDOS POR EL BANCO DE LA REPUBLICA";" "
"123107";"BONOS HIPOTECARIOS";" "
"123108";"TITULOS HIPOTECARIOS";" "
"123109";"TITULOS DE CONTENIDO CREDITICIO DERIVADOS DE PROCESOS DE TITULARIZACION DE CARTERA HIPOTECARIA";" "
"123110";"TITULOS DE CONTENIDO CREDITICIO DERIVADOS DE PROCESOS DE TITULARIZACION DE SUBYACENTES DISTINTOS DE";" "
"123111";"TITULOS EMITIDOS, AVALADOS, ACEPTADOS O GARANTIZADOS POR INSTITUCIONES VIGILADAS POR LA SUPERINTENDE";" "
"123114";"TITULOS EMITIDOS POR ENTIDADES NO VIGILADAS POR LA SUPERINTENDENCIA BANCARIA";" "
"123115";"TITULOS EMITIDOS, AVALADOS O GARANTIZADOS POR GOBIERNOS EXTRANJEROS";" "
"123116";"TITULOS EMITIDOS, AVALADOS O GARANTIZADOS POR BANCOS CENTRALES EXTRANJEROS";" "
"123117";"TITULOS EMITIDOS, AVALADOS, GARANTIZADOS O ACEPTADOS POR BANCOS DEL EXTERIOR";" "
"123118";"TITULOS EMITIDOS, AVALADOS O GARANTIZADOS POR ORGANISMOS MULTILATERALES DE CR";" "
"123142";"TITULOS EMITIDOS POR RESIDENTES EN EL EXTERIOR";" "
"123195";"OTROS TITULOS";" "
"1232";"DERECHOS DE RECOMPRA DE INVERSIONES NEGOCIABLES EN TITULOS PARTICIPATIVOS";" "
"123201";"ACCIONES CON ALTA LIQUIDEZ BURSATIL";" "
"123202";"ACCIONES CON MEDIA LIQUIDEZ BURSATIL";" "
"123208";"TITULOS PARTICIPATIVOS DERIVADOS DE PROCESOS DE TITULARIZACION";" "
"123209";"TITULOS MIXTOS DERIVADOS DE PROCESOS DE TITULARIZACION";" "
"1235";"DERECHOS DE RECOMPRA DE INVERSIONES DISPONIBLES PARA LA VENTA EN TITULOS DE DEUDA";" "
"123501";"TITULOS DE DEUDA P";" "
"123502";"TITULOS DE DEUDA P";" "
"123503";"OTROS TITULOS DE DEUDA P";" "
"123504";"TITULOS EMITIDOS, AVALADOS O GARANTIZADOS POR EL FOGAFIN";" "
"123505";"TITULOS EMITIDOS, AVALADOS O GARANTIZADOS POR EL FOGACOOP";" "
"123506";"TITULOS EMITIDOS POR EL BANCO DE LA REPUBLICA";" "
"123507";"BONOS HIPOTECARIOS";" "
"123508";"TITULOS HIPOTECARIOS";" "
"123509";"TITULOS DE CONTENIDO CREDITICIO DERIVADOS DE PROCESOS DE TITULARIZACION DE CARTERA HIPOTECARIA";" "
"123510";"TITULOS DE CONTENIDO CREDITICIO DERIVADOS DE PROCESOS DE TITULARIZACION DE SUBYACENTES DISTINTOS DE";" "
"123511";"TITULOS EMITIDOS, AVALADOS, ACEPTADOS O GARANTIZADOS POR INSTITUCIONES VIGILADAS POR LA SUPERINTENDE";" "
"123514";"TITULOS EMITIDOS POR ENTIDADES NO VIGILADAS POR LA SUPERINTENDENCIA BANCARIA (INCLUIDOS LOS BONOS OB";" "
"123515";"TITULOS EMITIDOS, AVALADOS O GARANTIZADOS POR GOBIERNOS EXTRANJEROS";" "
"123516";"TITULOS EMITIDOS, AVALADOS O GARANTIZADOS POR BANCOS CENTRALES EXTRANJEROS";" "
"123517";"TITULOS EMITIDOS, AVALADOS, GARANTIZADOS O ACEPTADOS POR BANCOS DEL EXTERIOR";" "
"123518";"TITULOS EMITIDOS, AVALADOS O GARANTIZADOS POR ORGANISMOS MULTILATERALES DE CR";" "
"123542";"TITULOS EMITIDOS POR RESIDENTES EN EL EXTERIOR";" "
"123595";"OTROS TITULOS";" "
"1236";"DERECHOS DE RECOMPRA DE INVERSIONES DISPONIBLES PARA LA VENTA EN TITULOS PARTICIPATIVOS";" "
"123601";"ACCIONES CON ALTA LIQUIDEZ BURSATIL";" "
"123602";"ACCIONES CON MEDIA LIQUIDEZ BURSATIL";" "
"123604";"ACCIONES CON BAJA Y M";" "
"123695";"OTROS";" "
"1286";"PROVISION DE INVERSIONES NEGOCIABLES EN TITULOS DE DEUDA";" "
"128605";"LARGO PLAZO BB+, BB, BB-";" "
"128610";"LARGO PLAZO B+, B, B-";" "
"128615";"LARGO PLAZO CCC";" "
"128620";"LARGO PLAZO DD, EE";" "
"128625";"CORTO PLAZO 3";" "
"128630";"CORTO PLAZO 4";" "
"128635";"CORTO PLAZO 5, 6";" "
"128640";"CATEGORIA B - RIESGO ACEPTABLE, SUPERIOR AL NORMAL";" "
"128645";"CATEGORIA C - RIESGO APRECIABLE";" "
"128650";"CATEGORIA D - RIESGO SIGNIFICATIVO";" "
"128655";"CATEGORIA E - INCOBRABLE";" "
"128695";"OTRAS PROVISIONES";" "
"1287";"PROVISION DE INVERSIONES NEGOCIABLES EN TITULOS PARTICIPATIVOS";" "
"128740";"CATEGORIA B - RIESGO ACEPTABLE, SUPERIOR AL NORMAL";" "
"128745";"CATEGORIA C - RIESGO APRECIABLE";" "
"128750";"CATEGORIA D - RIESGO SIGNIFICATIVO";" "
"128755";"CATEGORIA E - INCOBRABLE";" "
"128795";"OTRAS PROVISIONES";" "
"1288";"PROVISION DE INVERSIONES PARA MANTENER HASTA EL VENCIMIENTO";" "
"128805";"LARGO PLAZO BB+, BB, BB-";" "
"128810";"LARGO PLAZO B+, B, B-";" "
"128815";"LARGO PLAZO CCC";" "
"128820";"LARGO PLAZO DD, EE";" "
"128825";"CORTO PLAZO 3";" "
"128830";"CORTO PLAZO 4";" "
"128835";"CORTO PLAZO 5, 6";" "
"128840";"CATEGORIA B - RIESGO ACEPTABLE, SUPERIOR AL NORMAL";" "
"128845";"CATEGORIA C - RIESGO APRECIABLE";" "
"128850";"CATEGORIA D - RIESGO SIGNIFICATIVO";" "
"128855";"CATEGORIA E - INCOBRABLE";" "
"128895";"OTRAS PROVISIONES";" "
"1289";"PROVISION DE INVERSIONES DISPONIBLES PARA LA VENTA EN TITULOS DE DEUDA";" "
"128905";"LARGO PLAZO BB+, BB, BB-";" "
"128910";"LARGO PLAZO B+, B, B-";" "
"128915";"LARGO PLAZO CCC";" "
"128920";"LARGO PLAZO DD, EE";" "
"128925";"CORTO PLAZO 3";" "
"128930";"CORTO PLAZO 4";" "
"128935";"CORTO PLAZO 5, 6";" "
"128940";"CATEGORIA B - RIESGO ACEPTABLE, SUPERIOR AL NORMAL";" "
"128945";"CATEGORIA C - RIESGO APRECIABLE";" "
"128950";"CATEGORIA D - RIESGO SIGNIFICATIVO";" "
"128955";"CATEGORIA E - INCOBRABLE";" "
"128995";"OTRAS PROVISIONES";" "
"1291";"PROVISION DE INVERSIONES DISPONIBLES PARA LA VENTA EN TITULOS PARTICIPATIVOS";" "
"129105";"LARGO PLAZO BB+, BB, BB-";" "
"129110";"LARGO PLAZO B+, B, B-";" "
"129115";"LARGO PLAZO CCC";" "
"129120";"LARGO PLAZO DD, EE";" "
"129140";"CATEGORIA B - RIESGO ACEPTABLE, SUPERIOR AL NORMAL";" "
"129145";"CATEGORIA C - RIESGO APRECIABLE";" "
"129150";"CATEGORIA D - RIESGO SIGNIFICATIVO";" "
"129155";"CATEGORIA E - INCOBRABLE";" "
"129195";"OTRAS PROVISIONES";" "
"13";"INVENTARIOS";" "
"1305";"BIENES NO TRANSFORMADOS POR LA ENTIDAD";" "
"130505";"INV. PRODUCTOS NO FABRICADOS POR LA ENTIDAD";" "
"1310";"MATERIAS PRIMAS";" "
"131005";"MATERIAS PRIMAS";" "
"1315";"PRODUCTOS EN PROCESO";" "
"131505";"PRODUCTOS EN PROCESO";" "
"1320";"PRODUCTOS TERMINADOS";" "
"132005";"PRODUCTOS TERMINADOS";" "
"1325";"MATERIALES Y SUMINISTROS";" "
"132505";"MATERIALES Y SUMINISTROS";" "
"1330";"SEMOVIENTES";" "
"133005";"SEMOVIENTES";" "
"1335";"INVENTARIO EN TRANSITO";" "
"133505";"INVENTARIO EN TRANSITO";" "
"1340";"CONTRATOS EN EJECUCION";" "
"134005";"CONTRATOS EN EJECUCION";" "
"1345";"CULTIVOS EN DESARROLLO";" "
"134505";"CULTIVOS EN DESARROLLO";" "
"1350";"PLANTACIONES AGRICOLAS";" "
"135005";"PLANTACIONES AGRICOLAS";" "
"1355";"BIENES RAICES PARA LA VENTA";" "
"135505";"BIENES RAICES PARA LA VENTA";" "
"1360";"ENVASES Y EMPAQUES";" "
"136005";"ENVASES Y EMPAQUES";" "
"1365";"OBRAS DE CONSTRUCCI";" "
"136505";"OBRAS DE CONSTRUCCI";" "
"1380";"INVENTARIOS EN CONSIGNACION";" "
"138005";"INVENTARIOS EN CONSIGNACION";" "
"1385";"MAUSOLEOS";" "
"138505";"MAUSOLEOS";" "
"1390";"PROVISION";" "
"139005";"POR OBSOLESCENCIA";" "
"139010";"POR DIFERENCIA DE INVENTARIO FISICO";" "
"139015";"POR P";" "
"139085";"POR OTROS CONCEPTOS";" "
"14";"CARTERA DE CREDITOS";" "
"1404";"CREDITOS DE VIVIENDA - CON LIBRANZA";" "
"140405";"CATEGORIA A RIESGO NORMAL";" "
"140410";"CATEGORIA B RIESGO ACEPTABLE";" "
"140415";"CATEGORIA C RIESGO APRECIABLE";" "
"140420";"CATEGORIA D RIESGO SIGNIFICATIVO";" "
"140425";"CATEGORIA E RIESGO DE INCOBRABILIDAD";" "
"1405";"CREDITOS DE VIVIENDA - SIN LIBRANZA";" "
"140505";"CATEGORIA A RIESGO NORMAL";" "
"140510";"CATEGORIA B RIESGO ACEPTABLE";" "
"140515";"CATEGORIA C RIESGO APRECIABLE";" "
"140520";"CATEGORIA D RIESGO SIGNIFICATIVO";" "
"140525";"CATEGORIA E RIESGO DE INCOBRABILIDAD";" "
"1411";"CREDITOS DE CONSUMO, GARANTIA ADMISIBLE - CON LIBRANZA";" "
"141105";"CATEGORIA A RIESGO NORMAL";" "
"141110";"CATEGORIA B RIESGO ACEPTABLE";" "
"141115";"CATEGORIA C RIESGO APRECIABLE";" "
"141120";"CATEGORIA D RIESGO SIGNIFICATIVO";" "
"141125";"CATEGORIA E RIESGO DE INCOBRABILIDAD";" "
"1412";"CREDITOS DE CONSUMO, GARANTIA ADMISIBLE, - SIN LIBRANZA";" "
"141205";"CATEGORIA A RIESGO NORMAL";" "
"141210";"CATEGORIA B RIESGO ACEPTABLE";" "
"141215";"CATEGORIA C RIESGO APRECIABLE";" "
"141220";"CATEGORIA D RIESGO SIGNIFICATIVO";" "
"141225";"CATEGORIA E RIESGO DE INCOBRABILIDAD";" "
"1441";"CREDITOS DE CONSUMO, OTRAS GARANTIAS - CON LIBRANZA";" "
"144105";"CATEGORIA A RIESGO NORMAL";" "
"144110";"CATEGORIA B RIESGO ACEPTABLE";" "
"144115";"CATEGORIA C RIESGO APRECIABLE";" "
"144120";"CATEGORIA D RIESGO SIGNIFICATIVO";" "
"144125";"CATEGORIA E RIESGO DE INCOBRABILIDAD";" "
"1442";"CREDITOS DE CONSUMO, OTRAS GARTANT";" "
"144205";"CATEGORIA A RIESGO NORMAL";" "
"144210";"CATEGORIA B RIESGO ACEPTABLE";" "
"144215";"CATEGORIA C RIESGO APRECIABLE";" "
"144220";"CATEGORIA D RIESGO SIGNIFICATIVO";" "
"144225";"CATEGORIA E RIESGO DE INCOBRABILIDAD";" "
"1454";"MICROCREDITOS INMOBILIARIO - CON LIBRANZA";" "
"145405";"CATEGORIA A RIESGO NORMAL";" "
"145410";"CATEGORIA B RIESGO ACEPTABLE";" "
"145415";"CATEGORIA C RIESGO APRECIABLE";" "
"145420";"CATEGORIA D RIESGO SIGNIFICATIVO";" "
"145425";"CATEGORIA E RIESGO DE INCOBRABILIDAD";" "
"1455";"MICROCREDITOS INMOBILIARIO - SIN LIBRANZA";" "
"145505";"CATEGORIA A RIESGO NORMAL";" "
"145510";"CATEGORIA B RIESGO ACEPTABLE";" "
"145515";"CATEGORIA C RIESGO APRECIABLE";" "
"145520";"CATEGORIA D RIESGO SIGNIFICATIVO";" "
"145525";"CATEGORIA E RIESGO DE INCOBRABILIDAD";" "
"1456";"MICROCREDITOS, EMPRESARIAL - GARANTIA ADMISIBLE - CON LIBRANZA";" "
"145605";"CATEGORIA A RIESGO NORMAL";" "
"145610";"CATEGORIA B RIESGO ACEPTABLE";" "
"145615";"CATEGORIA C RIESGO APRECIABLE";" "
"145620";"CATEGORIA D RIESGO SIGNIFICATIVO";" "
"145625";"CATEGORIA E RIESGO DE INCOBRABILIDAD";" "
"1457";"MICROCREDITOS EMPRESARIAL - GARANTIA ADMISIBLE - SIN LIBRANZA";" "
"145705";"CATEGORIA A RIESGO NORMAL";" "
"145710";"CATEGORIA B RIESGO ACEPTABLE";" "
"145715";"CATEGORIA C RIESGO APRECIABLE";" "
"145720";"CATEGORIA D RIESGO SIGNIFICATIVO";" "
"145725";"CATEGORIA E RIESGO DE INCOBRABILIDAD";" "
"1458";"MICROCREDITOS EMPRESARIAL- OTRAS GARANTIAS - CON LIBRANZA";" "
"145805";"CATEGORIA A RIESGO NORMAL";" "
"145810";"CATEGORIA B RIESGO ACEPTABLE";" "
"145815";"CATEGORIA C RIESGO APRECIABLE";" "
"145820";"CATEGORIA D RIESGO SIGNIFICATIVO";" "
"145825";"CATEGORIA E RIESGO DE INCOBRABILIDAD";" "
"1459";"MICROCREDITOS EMPRESARIAL- OTRAS GARANTIAS - SIN LIBRANZA";" "
"145905";"CATEGORIA A RIESGO NORMAL";" "
"145910";"CATEGORIA B RIESGO ACEPTABLE";" "
"145915";"CATEGORIA C RIESGO APRECIABLE";" "
"145920";"CATEGORIA D RIESGO SIGNIFICATIVO";" "
"145925";"CATEGORIA E RIESGO DE INCOBRABILIDAD";" "
"1460";"CREDITOS COMERCIALES, GARANTIA ADMISIBLE - CON LIBRANZA";" "
"146005";"CATEGORIA A RIESGO NORMAL";" "
"146010";"CATEGORIA B RIESGO ACEPTABLE";" "
"146015";"CATEGORIA C RIESGO APRECIABLE";" "
"146020";"CATEGORIA D RIESGO SIGNIFICATIVO";" "
"146025";"CATEGORIA E RIESGO DE INCOBRABILIDAD";" "
"1462";"CREDITOS COMERCIALES, GARANTIA ADMISIBLE - SIN LIBRANZA";" "
"146205";"CATEGORIA A RIESGO NORMAL";" "
"146210";"CATEGORIA B RIESGO ACEPTABLE";" "
"146215";"CATEGORIA C RIESGO APRECIABLE";" "
"146220";"CATEGORIA D RIESGO SIGNIFICATIVO";" "
"146225";"CATEGORIA E RIESGO DE INCOBRABILIDAD";" "
"1463";"CREDITOS COMERCIALES, OTRAS GARANTIAS - CON LIBRANZA";" "
"146315";"CATEGORIA A RIESGO NORMAL";" "
"146320";"CATEGORIA B RIESGO ACEPTABLE";" "
"146325";"CATEGORIA C RIESGO APRECIABLE";" "
"146330";"CATEGORIA D RIESGO SIGNIFICATIVO";" "
"146335";"CATEGORIA E RIESGO DE INCOBRABILIDAD";" "
"1465";"CREDITOS COMERCIALES, OTRAS GARANTIAS - SIN LIBRANZA";" "
"146515";"CATEGORIA A RIESGO NORMAL";" "
"146520";"CATEGORIA B RIESGO ACEPTABLE";" "
"146525";"CATEGORIA C RIESGO APRECIABLE";" "
"146530";"CATEGORIA D RIESGO SIGNIFICATIVO";" "
"146535";"CATEGORIA E RIESGO DE INCOBRABILIDAD";" "
"1488";"DERECHOS DE RECOMPRA CARTERA NEGOCIADA";" "
"148820";"CREDITOS DE VIVIENDA";" "
"148825";"CREDITOS DE CONSUMO";" "
"148830";"MICROCREDITOS";" "
"148835";"CREDITOS COMERCIALES";" "
"1489";"PROVISION CREDITOS DE VIVIENDA";" "
"148905";"CATEGORIA A - CREDITO NORMAL, GARANTIA ADMISIBLE";" "
"148910";"CATEGORIA B - CREDITO ACEPTABLE, GARANTIA ADMISIBLE";" "
"148915";"CATEGORIA C CREDITO APRECIABLE, GARANTIA ADMISIBLE";" "
"148920";"CATEGORIA D CREDITO SIGNIFICATIVO, GARANTIA ADMISIBLE";" "
"148925";"CATEGORIA E CREDITO IRRECUPERABLE, GARANTIA ADMISIBLE";" "
"1491";"PROVISION CREDITOS DE CONSUMO";" "
"149105";"CATEGORIA A - CREDITO NORMAL, GARANTIA ADMISIBLE";" "
"149107";"CATEGORIA A - CREDITO NORMAL, OTRAS GARANTIAS";" "
"149110";"CATEGORIA B - CREDITO ACEPTABLE, GARANTIA ADMISIBLE";" "
"149112";"CATEGORIA B - CREDITO ACEPTABLE, OTRAS GARANTIAS";" "
"149115";"CATEGORIA C CREDITO APRECIABLE, GARANTIA ADMISIBLE";" "
"149117";"CATEGORIA C CREDITO APRECIABLE, OTRAS GARANTIAS";" "
"149120";"CATEGORIA D CREDITO SIGNIFICATIVO, GARANTIA ADMISIBLE";" "
"149122";"CATEGORIA D CREDITO SIGNIFICATIVO, OTRAS GARANTIAS";" "
"149125";"CATEGORIA E CREDITO IRRECUPERABLE, GARANTIA ADMISIBLE";" "
"149127";"CATEGORIA E CREDITO IRRECUPERABLE, OTRAS GARANTIAS";" "
"1492";"PROVISION MICROCREDITO INMOBILIARIO";" "
"149205";"CATEGORIA A - CREDITO NORMAL, GARANTIA ADMISIBLE";" "
"149207";"CATEGORIA A - CREDITO NORMAL, OTRAS GARANTIAS";" "
"149210";"CATEGORIA B - CREDITO ACEPTABLE, GARANTIA ADMISIBLE";" "
"149212";"CATEGORIA B - CREDITO ACEPTABLE, OTRAS GARANTIAS";" "
"149215";"CATEGORIA C CREDITO APRECIABLE, GARANTIA ADMISIBLE";" "
"149217";"CATEGORIA C CREDITO APRECIABLE, OTRAS GARANTIAS";" "
"149220";"CATEGORIA D CREDITO SIGNIFICATIVO, GARANTIA ADMISIBLE";" "
"149222";"CATEGORIA D CREDITO SIGNIFICATIVO, OTRAS GARANTIAS";" "
"149225";"CATEGORIA E CREDITO IRRECUPERABLE, GARANTIA ADMISIBLE";" "
"149227";"CATEGORIA E CREDITO IRRECUPERABLE, OTRAS GARANTIAS";" "
"1493";"PROVISION MICROCREDITO EMPRESARIAL";" "
"149305";"CATEGORIA A - CREDITO NORMAL, GARANTIA ADMISIBLE";" "
"149307";"CATEGORIA A - CREDITO NORMAL, OTRAS GARANTIAS";" "
"149310";"CATEGORIA B - CREDITO ACEPTABLE, GARANTIA ADMISIBLE";" "
"149312";"CATEGORIA B - CREDITO ACEPTABLE, OTRAS GARANTIAS";" "
"149315";"CATEGORIA C CREDITO APRECIABLE, GARANTIA ADMISIBLE";" "
"149317";"CATEGORIA C CREDITO APRECIABLE, OTRAS GARANTIAS";" "
"149320";"CATEGORIA D CREDITO SIGNIFICATIVO, GARANTIA ADMISIBLE";" "
"149322";"CATEGORIA D CREDITO SIGNIFICATIVO, OTRAS GARANTIAS";" "
"149325";"CATEGORIA E CREDITO IRRECUPERABLE, GARANTIA ADMISIBLE";" "
"149327";"CATEGORIA E CREDITO IRRECUPERABLE, OTRAS GARANTIAS";" "
"1495";"PROVISION CREDITOS COMERCIALES";" "
"149505";"CATEGORIA A - CREDITO NORMAL, GARANTIA ADMISIBLE";" "
"149507";"CATEGORIA A - CREDITO NORMAL, OTRAS GARANTIAS";" "
"149510";"CATEGORIA B - CREDITO ACEPTABLE, GARANTIA ADMISIBLE";" "
"149512";"CATEGORIA B - CREDITO ACEPTABLE, OTRAS GARANTIAS";" "
"149515";"CATEGORIA C CREDITO APRECIABLE, GARANTIA ADMISIBLE";" "
"149517";"CATEGORIA C CREDITO APRECIABLE, OTRAS GARANTIAS";" "
"149520";"CATEGORIA D CREDITO SIGNIFICATIVO, GARANTIA ADMISIBLE";" "
"149522";"CATEGORIA D CREDITO SIGNIFICATIVO, OTRAS GARANTIAS";" "
"149525";"CATEGORIA E CREDITO IRRECUPERABLE, GARANTIA ADMISIBLE";" "
"149527";"CATEGORIA E CREDITO IRRECUPERABLE, OTRAS GARANTIAS";" "
"1498";"PROVISION GENERAL";" "
"149805";"PROVISION CREDITOS CON LIBRANZA";" "
"149810";"PROVISION CREDITOS SIN LIBRANZA";" "
"16";"CUENTAS POR COBRAR";" "
"1605";"CONVENIOS POR COBRAR";" "
"160505";"SERVICIOS MEDICOS Y HOSPITALARIOS";" "
"160510";"SERVICIOS ODONTOL";" "
"160515";"MEDICINA PREPAGADA";" "
"160520";"SERVICIOS FUNERARIOS";" "
"160525";"SEGURO VOLUNTARIO - VEH";" "
"160530";"SEGURO OBLIGATORIO - SOAT";" "
"160535";"OTROS SERVICIOS";" "
"160595";"OTROS CONVENIOS";" "
"1620";"PROMETIENTES VENDEDORES";" "
"162005";"BIENES INMUEBLES";" "
"162010";"BIENES MUEBLES";" "
"1625";"ANTICIPOS DE CONTRATOS Y PROVEEDORES";" "
"162505";"ANTICIPOS DE CONTRATOS";" "
"162510";"PROVEEDORES";" "
"162595";"OTROS ANTICIPOS";" "
"1635";"ADELANTOS AL PERSONAL";" "
"163505";"ANTICIPOS LABORALES";" "
"163510";"GASTOS DE VIAJE";" "
"163595";"OTROS";" "
"1636";"PAGOS POR CUENTA DE ASOCIADOS, VIVIENDA";" "
"163605";"CATEGORIA A RIESGO NORMAL";" "
"163610";"CATEGORIA B RIESGO ACEPTABLE";" "
"163615";"CATEGORIA C RIESGO APRECIABLE";" "
"163620";"CATEGORIA D RIESGO SIGNIFICATIVO";" "
"163625";"CATEGORIA E RIESGO DE INCOBRABILIDAD";" "
"1637";"PAGOS POR CUENTA DE ASOCIADOS, CONSUMO";" "
"163705";"CATEGORIA A RIESGO NORMAL";" "
"163710";"CATEGORIA B RIESGO ACEPTABLE";" "
"163715";"CATEGORIA C RIESGO APRECIABLE";" "
"163720";"CATEGORIA D RIESGO SIGNIFICATIVO";" "
"163725";"CATEGORIA E RIESGO DE INCOBRABILIDAD";" "
"1638";"PAGOS POR CUENTA DE ASOCIADOS, MICROCREDITO";" "
"163805";"CATEGORIA A RIESGO NORMAL - INMOBILIARIO";" "
"163810";"CATEGORIA B RIESGO ACEPTABLE - INMOBILIARIO";" "
"163815";"CATEGORIA C RIESGO APRECIABLE - INMOILIARIO";" "
"163820";"CATEGORIA D RIESGO SIGNIFICATIVO - INMOBILIARIO";" "
"163825";"CATEGORIA E RIESGO DE INCOBRABILIDAD - INMOBILIARIO";" "
"163830";"CATEGORIA A RIESGO NORMAL - EMPRESARIAL";" "
"163835";"CATEGORIA B RIESGO ACEPTABLE - EMPRESARIAL";" "
"163840";"CATEGORIA C RIESGO APRECIABLE - EMPRESARIAL";" "
"163845";"CATEGORIA D RIESGO SIGNIFICATIVO - EMPRESARIAL";" "
"163850";"CATEGORIA E RIESGO DE INCOBRABILIDAD - EMPRESARIAL";" "
"1639";"PAGOS POR CUENTA DE ASOCIADOS COMERCIAL";" "
"163905";"CATEGORIA A RIESGO NORMAL";" "
"163910";"CATEGORIA B RIESGO ACEPTABLE";" "
"163915";"CATEGORIA C RIESGO APRECIABLE";" "
"163920";"CATEGORIA D RIESGO SIGNIFICATIVO";" "
"163925";"CATEGORIA E RIESGO DE INCOBRABILIDAD";" "
"1640";"CREDITOS A EMPLEADOS";" "
"164020";"CATEGORIA A RIESGO NORMAL, VIVIENDA";" "
"164022";"CATEGORIA B RIESGO ACEPTABLE, VIVIENDA";" "
"164024";"CATEGORIA C RIESGO APRECIABLE, VIVIENDA";" "
"164026";"CATEGORIA D RIESGO SIGNIFICATIVO, VIVIENDA";" "
"164028";"CATEGORIA E RIESGO DE INCOBRABILIDAD, VIVIENDA";" "
"164030";"CATEGORIA A RIESGO NORMAL, CONSUMO";" "
"164032";"CATEGORIA B RIESGO ACEPTABLE, CONSUMO";" "
"164034";"CATEGORIA C RIESGO APRECIABLE, CONSUMO";" "
"164036";"CATEGORIA D RIESGO SIGNIFICATIVO, CONSUMO";" "
"164038";"CATEGORIA E RIESGO DE INCOBRABILIDAD, CONSUMO";" "
"164095";"OTROS";" "
"1645";"DEUDORES POR VENTA DE BIENES";" "
"164502";"VIGENTES";" "
"164503";"VIGENTES REMISIONES";" "
"164505";"VENCIDA ENTRE 91 Y 180 DIAS";" "
"164510";"VENCIDA ENTRE 181 Y 360 DIAS";" "
"164515";"VENCIDA MAS DE 360 DIAS";" "
"1648";"DEUDORES POR PRESTACION DE SERVICIOS";" "
"164802";"VIGENTES";" "
"164805";"VENCIDA ENTRE 91 Y 180 DIAS";" "
"164810";"VENCIDA ENTRE 181 Y 360 DIAS";" "
"164815";"VENCIDA MAS DE 360 D";" "
"1650";"DEUDORES PATRONALES Y EMPRESAS";" "
"165005";"DESCUENTO DE NOMINA";" "
"165010";"LIQUIDACIONES PRESTACIONALES";" "
"165015";"LIBRANZAS";" "
"165020";"APORTES Y CONTRIBUCI";" "
"165095";"OTROS";" "
"1655";"INTERESES";" "
"165505";"PACTOS DE REVENTA";" "
"165506";"CATEGORIA A RIESGO NORMAL, VIVIENDA";" "
"165508";"CATEGORIA B RIESGO ACEPTABLE, VIVIENDA";" "
"165512";"CATEGORIA C RIESGO APRECIABLE, VIVIENDA";" "
"165514";"CATEGORIA D RIESGO SIGNIFICATIVO, VIVIENDA";" "
"165516";"CATEGORIA E RIESGO DE INCOBRABILIDAD, VIVIENDA";" "
"165518";"CATEGORIA A RIESGO NORMAL, CONSUMO";" "
"165522";"CATEGORIA B RIESGO ACEPTABLE, CONSUMO";" "
"165524";"CATEGORIA C RIESGO APRECIABLE, CONSUMO";" "
"165526";"CATEGORIA D RIESGO SIGNIFICATIVO, CONSUMO";" "
"165528";"CATEGORIA E RIESGO DE INCOBRABILIDAD, CONSUMO";" "
"165532";"CATEGORIA A RIESGO NORMAL, MICROCREDITO";" "
"165534";"CATEGORIA B RIESGO ACEPTABLE, MICROCREDITO";" "
"165536";"CATEGORIA C RIESGO APRECIABLE, MICROCREDITO";" "
"165538";"CATEGORIA D RIESGO SIGNIFICATIVO, MICROCREDITO";" "
"165540";"CATEGORIA E RIESGO DE INCOBRABILIDAD, MICROCREDITO";" "
"165542";"CATEGORIA A RIESGO NORMAL, COMERCIAL";" "
"165544";"CATEGORIA B RIESGO ACEPTABLE, COMERCIAL";" "
"165546";"CATEGORIA C RIESGO APRECIABLE, COMERCIAL";" "
"165548";"CATEGORIA D RIESGO SIGNIFICATIVO, COMERCIAL";" "
"165549";"CATEGORIA E RIESGO DE INCOBRABILIDAD, COMERCIAL";" "
"165560";"CATEGORIA A RIESGO NORMAL, MICROCREDITO INMOBILIARIO";" "
"165561";"CATEGORIA B RIESGO ACEPTABLE, MICROCREDITO INMOBILIARIO";" "
"165563";"CATEGORIA C RIESGO APRECIABLE, MICROCREDITO INMOBILIARIO";" "
"165564";"CATEGORIA D RIESGO SIGNIFICATIVO, MICROCREDITO INMOBILIARIO";" "
"165565";"CATEGORIA E RIESGO DE INCOBRABILIDFAD, MICROCREDITO INMOBILIARIO";" "
"165595";"OTROS";" "
"1657";"INTERESES DEUDORES POR VENTA DE BIENES";" "
"165701";"INTERESES VIGENTES";" "
"165702";"VENCIDOS ENTRE 91 Y 180 DIAS";" "
"165704";"VENCIDOS ENTRE 181 Y 360 DIAS";" "
"165709";"VENCIDOS MAS DE 360 DIAS";" "
"1658";"INTERESES DEUDORES POR PRESTACI";" "
"165801";"INTERESES VIGENTES";" "
"165802";"VENCIDOS ENTRE 91 Y 180 DIAS";" "
"165804";"VENCIDOS ENTRE 181 Y 360 DIAS";" "
"165809";"VENCIDOS MAS DE 360 D";" "
"1660";"INGRESOS POR COBRAR";" "
"166015";"ARRENDAMIENTOS 166020";" "
"166025";"COMISIONES 166030";" "
"166035";"CUOTAS DE ADMINISTRACI";" "
"166040";"CUOTAS DE SOSTENIMIENTO";" "
"166045";"RODAMIENTO";" "
"166095";"OTRAS";" "
"1665";"DIVIDENDOS, PARTICIPACIONES Y EXCEDENTES";" "
"166505";"DE SOCIEDADES AN";" "
"166510";"DE SOCIEDADES LIMITADAS Y/O ASIMILADAS";" "
"166515";"DE ENTIDADES COOPERATIVAS";" "
"1675";"ANTICIPO DE IMPUESTOS";" "
"167505";"RENTA Y COMPLEMENTARIOS";" "
"167510";"INDUSTRIA Y COMERCIO";" "
"167515";"RETENCION EN LA FUENTE";" "
"16751501";"RETENFTE DEBITO 3,5% VENTA DE PRODUCTOS";" "
"16751502";"RETENFTE DEBITO 4% VENTA DE SERVICIOS";" "
"16751503";"RETENFTE DEBITO 11% VENTA DE SERVICIOS PROFESIONALES";" "
"16751504";"RETENFTE DEBITO 2% VENTA DE SERVICIOS DE VIGILANCIA";" "
"16751505";"RETENFTE DEBITO 1% VENTA DE SERVICIOS DE TRANSPORTE";" "
"16751506";"RETENFTE DEBITO 1% SERVICIO DE OBRA";" "
"16751507";"RETENFTE DEBITO 4% SERVICIO DE ALQUILER BIENES MUEBLES";" "
"16751508";"RETENFTE DEBITO 3,5% SERVIVIOS DE RESTAURANTE";" "
"16751509";"RETENFTE DEBITO 3,5% ARRENDAMIENTO BIENES INMUEBLES";" "
"16751510";"RETENFTE DEBITO 1,5% TARJETAS CREDITO Y DEBITO";" "
"167520";"IMPUESTO A LAS VENTAS RETENIDO";" "
"16752001";"RETE IVA VENTA DE PRODUCTOS";" "
"16752002";"RETE IVA VENTA DE SERVICIOS";" "
"16752003";"RETE IVA VENTA DE SERVICIOS PROFESIONALES";" "
"16752004";"RETE IVA VENTA DE SERVICIOS DE VIGILANCIA";" "
"16752005";"RETE IVA UTILIDAD SERVICIOS DE OBRA";" "
"16752006";"RETE IVA TARJETAS DE CREDITO Y DEBITO VENTAS";" "
"16752007";"RETE IVA TARJETAS DE CREDITO Y DEBITO SERVICIOS";" "
"167530";"IMPUESTO DE INDUSTRIA Y COMERCIO RETENIDO";" "
"16753001";"RETEICA VENTA DE PRODUCTOS";" "
"16753002";"RETEICA VENTA DE SERVICIOS";" "
"16753003";"RETEICA VENTA DE SERVICIOS PROFESIONALES";" "
"16753004";"RETEICA VENTA DE SERVICIOS DE VIGILANCIA";" "
"16753005";"RETEICA VENTA DE SERVICIOS DE TRANSPORTE";" "
"16753006";"RETEICA SERVICIOS DE CONTRUCCION";" "
"16753007";"RETEICA TARJETAS DE CREDITO Y DEBITO";" "
"167535";"SOBRANTES EN LIQUIDACION PRIVADA DE IMPUESTOS ";" "
"167540";"CONTRIBUCIONES";" "
"167545";"IMPUESTOS DESCONTABLES";" "
"167595";"OTROS IMPUESTOS";" "
"1690";"OTRAS CUENTAS POR COBRAR";" "
"169005";"CUOTAS - PARTES PENSIONES DE JUBILACI";" "
"169010";"RECLAMOS A COMPA";" "
"169020";"COSTOS JUDICIALES";" "
"169025";"CUENTAS POR COBRAR DE TERCEROS";" "
"169030";"COMISIONISTAS DE BOLSA";" "
"169035";"FONDO DE INVERSI";" "
"169040";"DEPOSITOS";" "
"169045";"TARJETAS DE CREDITO";" "
"169095";"OTRAS";" "
"1691";"PROVISION DEUDORES VENTA DE BIENES Y SERVICIOS";" "
"169106";"DEUDORES POR VENTA DE BIENES";" "
"169108";"DEUDORES POR PRESTACI";" "
"169112";"INTERESES DEUDORES POR VENTA DE BIENES";" "
"169116";"INTERESES DEUDORES POR PRESTACI";" "
"1692";"PROVISION CUENTAS POR COBRAR, MICROCR";" "
"169205";"CATEGORIA A -CREDITO NORMAL - INTERESES MICROCREDITO EMPRESARIAL";" "
"169210";"CATEGORIA B - CREDITO ACEPTABLE - INTERESES MICROCREDITO EMPRESARIAL";" "
"169215";"CATEGORIA C CREDITO APRECIABLE - INTERESES MICROCREDITO EMPRESARIAL";" "
"169220";"CATEGORIA D CREDITO SIGNIFICATIVO - INTERESES MICROCREDITO EMPRESARIAL";" "
"169225";"CATEGORIA E CREDITO IRRECUPERABLE - INTERESES MICROCREDITO EMPRESARIAL";" "
"169230";"CATEGORIA A - CREDITO NORMAL, POR CUENTA DE ASOCIADOS";" "
"169235";"CATEGORIA B - CREDITO ACEPTABLE, POR CUENTA DE ASOCIADOS";" "
"169240";"CATEGORIA C CREDITO APRECIABLE, POR CUENTA DE ASOCIADOS";" "
"169245";"CATEGORIA D CREDITO SIGNIFICATIVO, POR CUENTA DE ASOCIADOS";" "
"169250";"CATEGORIA E - CREDITO IRRECUPERABLE, POR CCUANTA DE ASOCADOS";" "
"1693";"PROVISION CUENTAS POR COBRAR - MICROCREDITO INMOBILIARIO";" "
"169305";"CATEGORIA A -CREDITO NORMAL - INTERESES MICROCREDITO INMOBILIARIO";" "
"169310";"CATEGORIA B - CREDITO ACEPTABLE - INTERESES MICROCREDITO INMOBILIARIO";" "
"169315";"CATEGORIA C CREDITO APRECIABLE - INTERESES MICROCREDITO INMOBILIARIO";" "
"169320";"CATEGORIA D CREDITO SIGNIFICATIVO - INTERESES MICROCREDITO INMOBILIARIO";" "
"169325";"CATEGORIA E CREDITO IRRECUPERABLE - INTERESES MICROCREDITO INMOBILIARIO";" "
"169330";"CATEGORIA A - CREDITO NORMAL, POR CUENTA DE ASOCIADOS";" "
"169335";"CATEGORIA B - CREDITO ACEPTABLE, POR CUENTA DE ASOCIADOS";" "
"169340";"CATEGORIA C CREDITO APRECIABLE, POR CUENTA DE ASOCIADOS";" "
"169345";"CATEGORIA D CREDITO SIGNIFICATIVO, POR CUENTA DE ASOCIADOS";" "
"169350";"CATEGOIRA E - CREDITOS IRRECUPERABLES, POR CUENTA DE ASOCIADOS";" "
"1694";"PROVISION CUENTAS POR COBRAR COMERCIALES";" "
"169452";"CATEGORIA A - CREDITO NORMAL, INTERESES";" "
"169453";"CATEGORIA B - CREDITO ACEPTABLE, INTERESES";" "
"169454";"CATEGORIA C CREDITO APRECIABLE, INTERESES";" "
"169456";"CATEGORIA D CREDITO SIGNIFICATIVO, INTERESES";" "
"169457";"CATEGORIA E CREDITO IRRECUPERABLE, INTERESES";" "
"169462";"CATEGORIA A - CREDITO NORMAL, POR CUENTA DE ASOCIADOS";" "
"169463";"CATEGORIA B - CREDITO ACEPTABLE, POR CUENTA DE ASOCIADOS";" "
"169464";"CATEGORIA C CREDITO APRECIABLE, POR CUENTA DE ASOCIADOS";" "
"169466";"CATEGORIA D CREDITO SIGNIFICATIVO, POR CUENTA DE ASOCIADOS";" "
"169468";"CATEGORIA E - CREDITO IRRECUPERABLE, POR CUENTA DE ASOCIADOS";" "
"169495";"OTRAS";" "
"1696";"PROVISION CUENTAS POR COBRAR DE CONSUMO";" "
"169652";"CATEGORIA A - CREDITO NORMAL, INTERESES";" "
"169653";"CATEGORIA B - CREDITO ACEPTABLE, INTERESES";" "
"169654";"CATEGORIA C CREDITO APRECIABLE, INTERESES";" "
"169656";"CATEGORIA D CREDITO SIGNIFICATIVO, INTERESES";" "
"169657";"CATEGORIA E CREDITO IRRECUPERABLE, INTERESES";" "
"169662";"CATEGORIA A - CREDITONORMAL, POR CUENTA DE ASOCIADOS";" "
"169663";"CATEGORIA B - CREDITO ACEPTABLE, POR CUENTA DE ASOCIADOS";" "
"169664";"CATEGORIA C CREDITO APRECIABLE, POR CUENTA DE ASOCIADOS";" "
"169666";"CATEGORIA D CREDITO SIGNIFICATIVO, POR CUENTA DE ASOCIADOS";" "
"169667";"CATEGORIA E CREDITO IRRECUPERABLE, POR CUENTA DE ASOCIADOS";" "
"169695";"OTRAS";" "
"1697";"PROVISION CUENTAS POR COBRAR DE VIVIENDA";" "
"169752";"CATEGORIA A - CREDITO NORMAL, INTERESES";" "
"169753";"CATEGORIA B - CREDITO ACEPTABLE, INTERESES";" "
"169754";"CATEGORIA C CREDITO APRECIABLE, INTERESES";" "
"169756";"CATEGORIA D CREDITO SIGNIFICATIVO, INTERESES";" "
"169757";"CATEGORIA E CREDITO IRRECUPERABLE, INTERESES";" "
"169762";"CATEGORIA A - CREDITO NORMAL, POR CUENTA DE ASOCIADOS";" "
"169763";"CATEGORIA B - CREDITO ACEPTABLE, POR CUENTA DE ASOCIADOS";" "
"169764";"CATEGORIA C CREDITO APRECIABLE, POR CUENTA DE ASOCIADOS";" "
"169765";"CATEGORIA D CREDITO SIGNIFICATIVO, POR CUENTA DE ASOCIADOS";" "
"169766";"CATEGORIA E CREDITO IRRECUPERABLE, POR CUENTA DE ASOCIADOS";" "
"1698";"OTRAS PROVISIONES CUENTAS POR COBRAR";" "
"169805";"CONVENIOS POR COBRAR";" "
"169810";"DIVIDENDOS, PARTICIPACIONES Y EXCEDENTES";" "
"169815";"ANTICIPOS DE CONTRATOS Y PROVEEDORES";" "
"169820";"ADELANTOS AL PERSONAL";" "
"169830";"DEUDORES PATRONALES Y EMPRESA";" "
"169840";"PROMETIENTES VENDEDORES";" "
"169845";"CREDITOS A EMPLEADOS";" "
"169855";"INGRESOS POR COBRAR";" "
"169895";"OTROS ";" "
"17";"PROPIEDADES PLANTA Y EQUIPO ";" "
"1705";"TERRENOS ";" "
"170505";"URBANOS ";" "
"170510";"RURALES ";" "
"1710";"CONSTRUCCIONES O MONTAJES EN CURSO";" "
"171005";"CONSTRUCCIONES Y EDIFICACIONES ";" "
"171010";"MAQUINARIA Y EQUIPO ";" "
"171015";"EQUIPO DE OFICINA ";" "
"171020";"EQUIPO DE COMPUTACION Y COMUNICACION ";" "
"171025";"EQUIPO MEDICO-CIENTIFICO ";" "
"171030";"EQUIPO DE HOTELES Y RESTAURANTES ";" "
"171035";"FLOTA Y EQUIPO DE TRANSPORTE ";" "
"171040";"FLOTA Y EQUIPO FLUVIAL Y/O MARITIMO ";" "
"171045";"FLOTA Y EQUIPO AEREO ";" "
"171050";"PLANTAS Y REDES ";" "
"171055";"ACUEDUCTOS PLANTAS Y REDES ";" "
"171060";"VIAS DE COMUNICACION ";" "
"171065";"POZOS ARTESIANOS ";" "
"171070";"PROYECTOS DE EXPLORACION ";" "
"171075";"PROYECTOS DE DESARROLLO ";" "
"1715";"CONSTRUCCIONES Y EDIFICACIONES ";" "
"171505";"EDIFICIOS ";" "
"171510";"OFICINAS ";" "
"171515";"BODEGAS";" "
"171520";"ALMACENES ";" "
"171525";"INSTALACIONES AGROPECUARIAS ";" "
"171530";"INSTALACIONES INDUSTRIALES";" "
"171535";"SALAS DE EXHIBICION Y VENTAS ";" "
"171540";"CAFETERIA Y CASINOS ";" "
"171545";"SILOS ";" "
"171550";"INVERNADEROS ";" "
"171555";"CASETAS Y CAMPAMENTOS ";" "
"171560";"VIVIENDAS PARA EMPLEADOS Y OBREROS ";" "
"171565";"TERMINAL DE BUSES Y TAXIS ";" "
"171570";"TERMINAL MARITIMO ";" "
"171575";"TERMINAL FERREO ";" "
"171580";"PARQUEADEROS, GARAJES Y DEPOSITOS ";" "
"171585";"HANGARES ";" "
"171590";"OTRAS EDIFICACIONES";" "
"1720";"MUEBLES Y EQUIPO DE OFICINA";" "
"172005";"MUEBLES Y ENSERES ";" "
"172010";"EQUIPOS ";" "
"1722";"EQUIPO MEDICO - CIENTIFICO ";" "
"172205";"MEDICO ";" "
"172210";"ODONTOLOGICO ";" "
"172215";"LABORATORIO ";" "
"172220";"INSTRUMENTAL ";" "
"172295";"OTROS ";" "
"1725";"EQUIPO DE COMPUTACION Y COMUNICACION ";" "
"172505";"EQUIPOS DE PROCESAMIENTO DE DATOS ";" "
"172510";"EQUIPOS DE TELECOMUNICACIONES";" "
"172515";"EQUIPOS DE RADIO ";" "
"172520";"SATELITES Y ANTENAS ";" "
"172525";"LINEAS TELEFONICAS ";" "
"172595";"OTROS ";" "
"1728";"EQUIPO DE HOTELES Y RESTAURANTES ";" "
"172805";"DE HABITACIONES ";" "
"172810";"DE COMESTIBLES Y BEBIDAS ";" "
"172895";"OTROS ";" "
"1730";"VEHICULOS";" "
"173005";"AUTOS Y CAMPEROS";" "
"173010";"BUSES, BUSETAS, MICROBUSES Y COLECTIVOS";" "
"173015";"CAMIONES, TRACTOMULAS Y REMOLQUES";" "
"173020";"MOTOCICLETAS ";" "
"173025";"MONTACARGAS ";" "
"173030";"PALAS Y GRUAS ";" "
"173035";"BANDAS TRANSPORTADORAS ";" "
"173040";"FURGONES";" "
"173095";"OTROS VEHICULOS";" "
"1732";"ENVASES Y EMPAQUES";" "
"173205";"ENVASES Y EMPAQUES";" "
"1735";"ARMAMENTO DE VIGILANCIA ";" "
"173505";"ARMAMENTO DE VIGILANCIA";" "
"1745";"MAQUINARIA Y EQUIPO ";" "
"174505";"MAQUINARIA Y EQUIPO";" "
"1795";"DEPRECIACION ACUMULADA ";" "
"179505";"CONSTRUCCIONES Y EDIFICACIONES ";" "
"179510";"EQUIPO DE OFICINA ";" "
"179515";"EQUIPO DE HOTELES Y RESTAURANTES ";" "
"179520";"EQUIPO DE COMPUTACION Y COMUNICACION ";" "
"179525";"EQUIPO MEDICO CIENTIFICO ";" "
"179530";"VEHICULOS";" "
"179535";"ENVASES Y EMPAQUES";" "
"179540";"ARMAMENTO DE VIGILANCIA ";" "
"179545";"MAQUINARIA Y EQUIPO ";" "
"18";"DIFERIDO";" "
"1810";"GASTOS ANTICIPADOS";" "
"181005";"INTERESES";" "
"181010";"SEGUROS";" "
"181015";"ARRENDAMIENTOS";" "
"181020";"CONTRATO DE MANTENIMIENTO";" "
"181025";"HONORARIOS";" "
"181030";"COMISIONES";" "
"181035";"SERVICIOS";" "
"181040";"SUSCRIPCIONES";" "
"181095";"OTROS";" "
"1820";"CARGOS DIFERIDOS";" "
"182005";"ORGANIZACION Y PREOPERATIVOS";" "
"182010";"REMODELACION";" "
"182015";"ESTUDIOS Y PROYECTOS";" "
"182020";"PROGRAMAS PARA COMPUTADOR (SOFTWARE)";" "
"182025";"UTILES Y PAPELERIA";" "
"182030";"MEJORAS A PROPIEDADES TOMADAS EN ARRENDAMIENTO";" "
"182035";"DESCUENTO EN COLOCACION DE BONOS";" "
"182045";"IMPUESTOS";" "
"182050";"CONTRIBUCIONES Y AFILIACIONES";" "
"182055";"ENTRENAMIENTOS AL PERSONAL";" "
"182060";"ELEMENTOS DE ASEO Y CAFETERIA";" "
"182065";"DOTACION Y SUMINISTRO A TRABAJADORES";" "
"182095";"OTROS";" "
"19";"OTROS ACTIVOS";" "
"1904";"SUCURSALES Y AGENCIAS";" "
"190410";"TRASLADO DE INVENTARIOS";" "
"190415";"TRASLADO DE CARTERA DE CREDITO";" "
"190420";"TRASLADO DE CARTERA POR VENTA DE BIENES Y SERVICIOS";" "
"190430";"TRASLADO DE GASTOS";" "
"190435";"TRASLADO OTRAS CUENTAS POR COBRAR";" "
"190440";"TRASLADO DE OTROS ACTIVOS";" "
"190495";"OTROS TRASLADOS";" "
"1910";"ACTIVOS INTANGIBLES";" "
"191005";"MARCAS Y PATENTES";" "
"191010";"CONCESIONES Y FRANQUICIAS";" "
"191015";"FIDEICOMISO FONDO DE REPOSICION";" "
"191020";"DERECHOS";" "
"191025";"LICENCIAS";" "
"191030";"AMORTIZACION ACUMULADA (CR)";" "
"1930";"ACTIVOS DE OPERACION";" "
"193005";"LENCERIA";" "
"193010";"VAJILLAS";" "
"193015";"CRISTALERIA";" "
"193020";"CUBIERTERIA";" "
"193025";"PLATERIA";" "
"193030";"OTROS ACTIVOS DE OPERACI";" "
"1950";"BIENES RECIBIDOS EN PAGO";" "
"195005";"BIENES INMUEBLES";" "
"195010";"BIENES MUEBLES";" "
"195015";"VALORES MOBILIARIOS";" "
"195095";"OTROS BIENES RECIBIDOS EN PAGO";" "
"1960";"DEPOSITOS";" "
"196005";"EN GARANTIA";" "
"196010";"JUDICIALES";" "
"196095";"OTROS DEPOSITOS";" "
"1965";"BIENES DE ARTE Y CULTURA";" "
"196505";"OBRAS DE ARTE";" "
"196510";"BIBLIOTECA";" "
"1985";"RESPONSABILIDADES PENDIENTES";" "
"198505";"DIRECTIVOS";" "
"198510";"EMPLEADOS";" "
"198515";"OTRAS RESPONSABILIDADES PENDIENTES";" "
"1987";"OTRAS INVERSIONES";" "
"198705";"CLUBES";" "
"198710";"COOPERATIVAS";" "
"198715";"ENTIDADES SIN ";" "
"198795";"OTRAS INVERSIONES DIVERSAS";" "
"1990";"DIVERSOS";" "
"199045";"DERECHOS SUCESORALES";" "
"199050";"BIENES ENTREGADOS EN COMODATO";" "
"199095";"OTROS DIVERSOS";" "
"199099";"AMORTIZACION ACUMULADA (CR)";" "
"1995";"VALORIZACIONES";" "
"199505";"DE INVERSIONES";" "
"199510";"PROPIEDADES PLANTA Y EQUIPO";" "
"199520";"SEMOVIENTES";" "
"199525";"BIENES DE ARTE Y CULTURA";" "
"199530";"PATRIMONIO AUTONOMO";" "
"199595";"OTRAS VALORIZACIONES";" "
"1999";"PROVISION OTROS ACTIVOS";" "
"199905";"DEPOSITOS";" "
"199910";"BIENES DE ARTE Y CULTURA";" "
"199915";"ACTIVOS DE OPERACI";" "
"199920";"BIENES RECIBIDOS EN PAGO";" "
"199925";"RESPONSABILIDADES PENDIENTES";" "
"199930";"INTANGIBLES";" "
"199935";"OTRAS INVERSIONES";" "
"199995";"ACTIVOS DIVERSOS";" "
"21";"DEPOSITOS";" "
"2105";"DEPOSITOS DE AHORRO";" "
"210505";"ORDINARIOS ACTIVAS";" "
"210510";"ORDINARIOS INACTIVA";" "
"2110";"CERTIFICADOS DEPOSITOS DE AHORRO A T";" "
"211005";"EMITIDOS MENOS DE 6 MSES";" "
"211010";"EMITIDOS IGUAL A 6 MESES Y MENOR E IGUAL DE 12 MESES";" "
"211015";"EMITIDOS MAYOR A 12 MESES Y MENOR DE 18 MESES";" "
"211020";"EMITIDOS IGUAL O SUPERIOR DE 18 MESES";" "
"2125";"DEPOSITOS DE AHORRO CONTRACTUAL";" "
"212505";"DEPOSITOS A CORTO PLAZO - ACTIVAS";" "
"212510";"DEPOSITOS A CORTO PLAZO - INACTIVAS";" "
"212515";"DEPOSITOS A LARGO PLAZO - ACTIVAS";" "
"212520";"DEPOSITOS A LARGO PLAZO - INACTIVAS";" "
"2130";"DEPOSITOS DE AHORRO PERMANENTE";" "
"213005";"DEPOSITOS A CORTO PLAZO";" "
"213010";"DEPOSITOS A LARGO PLAZO";" "
"22";"PACTOS DE RECOMPRA";" "
"2205";"COMPROMISOS DE RECOMPRA DE INVERSIONES";" "
"220505";"BANCOS";" "
"220510";"CORPORACIONES FINANCIERAS";" "
"220515";"COMPA";" "
"220520";"SOCIEDADES FIDUCIARIAS";" "
"220525";"ENTIDADES COOPERATIVAS";" "
"220530";"OTRAS ENTIDADES FINANCIERAS";" "
"220595";"OTROS";" "
"2210";"COMPROMISOS DE RECOMPRA CARTERA";" "
"221005";"BANCOS";" "
"221010";"CORPORACIONES FINANCIERAS";" "
"221020";"COMPA";" "
"221025";"FONDO DE GARANT";" "
"221030";"ENTIDADES COOPERATIVAS";" "
"221035";"OTRAS ENTIDADES FINANCIERAS";" "
"221095";"OTROS";" "
"23";"CREDITOS DE BANCOS Y OTRAS OBLIGACIONES FINANCIERAS";" "
"2305";"CREDITOS ORDINARIOS CORTO PLAZO";" "
"230505";"BANCOS COMERCIALES";" "
"230510";"BANCOS COOPERATIVOS";" "
"230515";"ENTIDADES COOPERATIVAS";" "
"230520";"ENTIDADES DEL EXTERIOR";" "
"230525";"SOBREGIROS";" "
"230595";"OTRAS ENTIDADES";" "
"2308";"CREDITOS ORDINARIOS LARGO PLAZO";" "
"230805";"BANCOS COMERCIALES";" "
"230810";"BANCOS COOPERATIVOS";" "
"230815";"ENTIDADES DEL SECTOR SOLIDARIO";" "
"230820";"ENTIDADDES DEL EXTERIOR";" "
"230895";"OTRAS ENTIDADES";" "
"2310";"FONDO DE GARANTIAS DE ENTIDADES COOPERATIVAS";" "
"231005";"PARA SU LIQUIDEZ PATRIMONIAL A CORTO PLAZO";" "
"231010";"PARA SU SOLIDEZ PATRIMONIAL A LARGO PLAZO";" "
"231095";"OTROS";" "
"2315";"FINAGRO";" "
"231505";"CREDITOS A CORTO PLAZO";" "
"231510";"CREDITOS A LARGO PLAZO";" "
"2317";"FINDETER";" "
"231705";"CREDITOS A CORTO PLAZO";" "
"231710";"CREDITOS A LARGO PLAZO";" "
"2320";"BANCO DE LA REPUBLICA";" "
"232005";"CREDITOS A CORTO PLAZO";" "
"232010";"CREDITOS A LARGO PLAZO";" "
"2325";"BANCO DE COMERCIO EXTERIOR";" "
"232505";"CREDITOS A CORTO PLAZO";" "
"232510";"CREDITOS A LARGO PLAZO";" "
"2340";"INSTITUTO DE FOMENTO INDUSTRIAL - IFI";" "
"234005";"CREDITOS A CORTO PLAZO";" "
"234010";"CREDITOS A LARGO PLAZO";" "
"2345";"ORGANISMOS INTERNACIONALES";" "
"234505";"CREDITOS A CORTO PLAZO";" "
"234510";"CREDITOS A LARGO PLAZO";" "
"2350";"OTROS ORGANISMOS - PAIS";" "
"235005";"CREDITOS A CORTO PLAZO";" "
"235010";"CREDITOS A LARGO PLAZO";" "
"24";"CUENTAS POR PAGAR";" "
"2405";"INTERESES";" "
"240505";"DEPOSITOS DE AHORRO";" "
"240510";"CERTIFICADOS DEPOSITOS DE AHORRO A T";" "
"240520";"DEPOSITOS DE AHORRO CONTRACTUAL";" "
"240525";"DEPOSITOS DE AHORRO PERMANENTE";" "
"240530";"COMPROMISOS DE RECOMPRA";" "
"240535";"CREDITOS DE BANCOS Y OTRAS OBLIGACIONES FINANCIERAS";" "
"240540";"BONOS";" "
"240545";"POR MULTAS Y SANCIONES";" "
"240595";"OTROS";" "
"2410";"CONTRATISTAS";" "
"241005";"CUENTAS POR PAGAR A CONTRATISTAS";" "
"2415";"COSTOS Y GASTOS POR PAGAR";" "
"241505";"COMISIONES";" "
"241510";"HONORARIOS";" "
"241515";"SERVICIOS PUBLICOS";" "
"241520";"SERVICIOS TEMPORALES";" "
"241525";"SERVICIOS DE MANTENIMIENTO";" "
"241530";"SEGUROS";" "
"241535";"ARRENDAMIENTOS";" "
"241540";"GASTOS DE VIAJES";" "
"241545";"GASTOS LEGALES";" "
"241550";"GASTOS DE REPRESENTACION Y RELACIONES P";" "
"241555";"SERVICIOS ADUANEROS";" "
"241595";"OTROS";" "
"2430";"PROMETIENTES COMPRADORES";" "
"243005";"BIENES INMUEBLES";" "
"243010";"BIENES MUEBLES";" "
"2435";"PROVEEDORES";" "
"243505";"PROVEEDORES NACIONALES";" "
"243510";"PROVEEDORES EXTRANJEROS";" "
"2440";"CONTRIBUCIONES Y AFILIACIONES";" "
"244005";"SUPERINTENDENCIA DE LA ECONOMIA SOLIDARIA";" "
"244020";"FONDO DE GARANTIAS DE ENTIDADES COOPERATIVAS";" "
"244045";"CONFEDERACIONES";" "
"244050";"FEDERACIONES";" "
"244055";"ASOCIACIONES";" "
"244095";"OTRAS";" "
"2442";"GRAVAMEN DE LOS MOVIMIENTOS FINANCIEROS";" "
"244205";"SOBRE DEP";" "
"244210";"SOBRE CERTIFICADOS DE DEPOSITOS DE AHORRO A T";" "
"244215";"SOBRE DEP";" "
"244220";"SOBRE DEPOSITOS DE AHORROS PERMANENTES";" "
"244295";"SOBRE OTRAS TRANSACCIONES";" "
"2445";"RETENCION EN LA FUENTE";" "
"244505";"SALARIOS Y PAGOS LABORALES";" "
"24450501";"SALARIOS Y PAGOS LABORALES ";" "
"244510";"DIVIDENDOS Y/O PARTICIPACIONES";" "
"24451001";"DIVIDENDOS Y/O PARTICIPACIONES";" "
"244515";"HONORARIOS";" "
"24451501";"RTEFTE HONORARIOS 10% NO DECLARANTES";" "
"24451502";"RTEFTE HONORARIOS 11% DECLARANTES";" "
"244520";"COMISIONES";" "
"24452001";"RTEFTE COMISIONES 10% NO DECLARANTES";" "
"24452002";"RTEFTE COMISIONES 11% DECLARANTES";" "
"244525";"SERVICIOS";" "
"24452501";"RTEFTE SERVICIOS 6% GENERALES NO DECLARANTES";" "
"24452502";"RTEFTE SERVICIOS 4% GENERALES DECLARANTES";" "
"24452503";"RTEFTE SERVICIOS 1% TRANSPORTE DE CARGA";" "
"24452504";"RTEFTE SERVICIOS 1% EMPRESAS TEMPORALES DE EMPLEO";" "
"24452505";"RTEFTE SERVICIOS 2% VIGILANCIA Y ASEO";" "
"24452507";"RTEFTE SERVICIOS 1% TRANSPORTE PASAJEROS AEREO Y MARITIMO";" "
"24452508";"RTEFTE SERVICIOS 3,5% TRANSPORTE PASAJEROS POR CARRETERA";" "
"24452509";"RTEFTE SERVICIOS 1% MANO DE OBRA CONSTRUCCION";" "
"244530";"ARRENDAMIENTOS";" "
"24453001";"RTEFTE ARRENDAMIENTO 4% BIENES MUEBLES";" "
"24453002";"RTEFTE ARRENDAMIENTO 3,5% BIENES INMUEBLES 3,5%";" "
"244535";"RENDIMIENTOS FINANCIEROS";" "
"24453501";"RTEFTE RENDIMIENTOS FINANCIEROS 7%";" "
"244540";"COMPRAS";" "
"24454001";"RTEFTE COMPRAS 3.5%";" "
"24454002";"RTEFTE COMPRA DE ACTIVOS FIJOS IVA INCLUIDO";" "
"24454003";"RTEFTE COMPRA 0,1% COMBUSTIBLES Y DERIVADOS DEL PETROLEO";" "
"244545";"LOTERIAS, RIFAS, APUESTAS Y SIMILARES";" "
"24454501";"RTEFTE LOTERIAS, RIFAS, APUESTAS Y SIMILARES";" "
"244550";"POR PAGOS AL EXTERIOR";" "
"24455001";"RTEFTE POR PAGOS AL EXTERIOR";" "
"244560";"ENAJENACION PROPIEDADES PLANTA Y EQUIPO PERSONAS NATURALES";" "
"24456001";"RTEFTE ENAJENACION PROPIEDADES PLANTA Y EQUIPO PERSONAS NATURALES";" "
"244565";"POR IMPUESTO DE TIMBRE";" "
"24456501";"RTEFTE POR IMPUESTO DE TIMBRE";" "
"244570";"OTRAS RETENCIONES Y PATRIMONIO";" "
"24457001";"RTEFTE SERVICIOS 3,5% HOTELES Y RESTAURANTES";" "
"24457002";"RTEFTE OTRAS RETENCIONES Y PATRIMONIO";" "
"244575";"AUTORRETENCIONES";" "
"24457501";"AUTORRETENCIONES ";" "
"2447";"IMPUESTO A LAS VENTAS RETENIDO";" "
"244705";"IVA RETENIDO AL REGIMEN SIMPLIFICADO";" "
"24470501";"RETEIVA REG. SIMPLIFICADO COMPRAS 16%";" "
"24470502";"RETEIVA REG. SIMPLIFICADO SERVICIOS 16%";" "
"24470503";"RETEIVA REG. SIMPLIFICADO HONORARIOS 16%";" "
"24470504";"RETEIVA REG. SIMPLIFICADO ARRENDAMIENTOS INMUEBLES 10%";" "
"24470505";"RETEIVA REG. SIMPLIFICADO ARRIENDO BIENES MUEBLES 16%";" "
"24470506";"RETEIVA REG. SIMPLIFICADO VIGILANCIA AIU 10%";" "
"24470507";"RETEIVA REG. SIMPLIFICADO SERVICIOS 10%";" "
"24470508";"RETEIVA REG. SIMPLIFICADO COMISIONES 16%";" "
"24470509";"RETEIVA REG. SIMPLIFICADO COMPRAS 10%";" "
"244710";"IVA RETENIDO AL REGIMEN COMUN";" "
"24471001";"IVA RETENIDO AL REGIMEN COMUN";" "
"2448";"IMPUESTO DE INDUSTRIA Y COMERCIO RETENIDO";" "
"244805";"ICA RETENIDO";" "
"24480501";"RETENCION DE ICA COMPRAS";" "
"24480502";"RETENCION DE ICA SERVICIOS";" "
"24480503";"RETENCION DE ICA HONORARIOS";" "
"24480504";"RETENCION DE ICA POR COMISIONES";" "
"2450";"RETENCIONES Y APORTES DE NOMINA";" "
"245005";"APORTES A BIENESTAR PROMOTORAS DE SALUD EPS";" "
"24500501";"EPS 1";" "
"24500502";"EPS 2";" "
"24500503";"EPS 3";" "
"245010";"APORTES A BIENESTAR PROMOTORAS DE PENSION";" "
"24501001";"AFP 1";" "
"24501002";"AFP 2";" "
"24501003";"AFP 3";" "
"245015";"APORTES A ADMINISTRADORAS DE RIESGOS PROFESIONALES ARP";" "
"24501501";"ARP 1";" "
"245020";"APORTES AL I.C.B.F., SENA Y CAJAS DE COMPENSACION";" "
"24502001";"CAJA DE COMPENSACION DE LA EMPRESA";" "
"245030";"EMBARGOS JUDICIALES";" "
"245035";"LIBRANZAS";" "
"245040";"SINDICATOS O AGREMIACIONES";" "
"245045";"COOPERATIVAS";" "
"245050";"FONDOS DE EMPLEADOS";" "
"245095";"OTROS";" "
"2455";"MULTAS Y SANCIONES, LITIGIOS, INDEMNIZACIONES Y DEMANDAS";" "
"245505";"MULTAS Y SANCIONES - SUPERINTENDENCIA ECONOMIA SOLIDARIA";" "
"245510";"MULTAS Y SANCIONES OTRAS AUTORIDADES ADMINISTRATIVAS";" "
"245515";"INDEMNIZACIONES A CLIENTES Y ASOCIADOS";" "
"245520";"OTRAS INDEMNIZACIONES";" "
"245525";"DEMANDAS LABORALES";" "
"245530";"DEMANDAS POR INCUMPLIMIENTO DE CONTRATOS";" "
"245535";"OTROS LITIGIOS FALLADOS CON OBLIGACI";" "
"245595";"OTRAS";" "
"2460";"EXIGIBILIDADES POR SERVICIOS DE RECAUDO";" "
"246005";"SERVICIOS PUBLICOS MUNICIPALES";" "
"246010";"SERVICIOS DE GAS";" "
"246015";"PENSIONES Y MATRICULAS";" "
"246020";"NOMINAS DE BIENESTAR";" "
"246025";"IMPUESTOS";" "
"246030";"CONVENIOS PROGRAMADOS";" "
"246095";"OTROS";" "
"2462";"SEGURO DE DEP";" "
"2465";"REMANENTES POR PAGAR";" "
"246505";"DE APORTES EXASOCIADOS";" "
"246510";"DE DEPOSITOS EXASOCIADOS";" "
"246515";"RETORNOS DECRETADOS";" "
"246520";"OTROS";" "
"2470";"ESTABLECIMIENTOS AFILIADOS";" "
"2495";"DIVERSAS CUENTAS POR PAGAR";" "
"249510";"NOMINA";" "
"249520";"VALORES POR REINTEGRAR - DACION EN PAGO";" "
"249525";"DONACIONES DE TERCEROS POR PAGAR";" "
"249530";"VALORES POR REINTEGRAR - MAYOR DESCUENTO";" "
"249595";"OTRAS";" "
"25";"IMPUESTOS, GRAV";" "
"2505";"DE RENTA Y COMPLEMENTARIOS ";" "
"250505";"VIGENCIA FISCAL CORRIENTE ";" "
"250510";"VIGENCIAS FISCALES ANTERIORES ";" "
"2510";"IMPUESTO SOBRE LAS VENTAS POR PAGAR ";" "
"251001";"IVA GENERADO";" "
"25100101";"IVA GENERADO VENTAS 16%";" "
"25100102";"IVA GENERADO VENTAS 2%";" "
"25100103";"IVA GENERADO VENTAS 5%";" "
"25100104";"IVA GENERADO VENTAS 10%";" "
"25100105";"IVA DEVOLUCIONES EN COMPRAS 16%";" "
"25100106";"IVA TRANSITORIO REMISIONES";" "
"25100107";"IVA DEVOLUCIONES EN COMPRAS 10%";" "
"25100108";"IVA GENERADO AIU 16%";" "
"25100109";"IVA GENERADO VENTAS 1,6%";" "
"251002";"IVA DESCONTABLE";" "
"25100201";"IVA DESCONTABLE COMPRAS 16%";" "
"25100202";"IVA DESCONTABLE COMPRAS 10%";" "
"25100203";"IVA DESCONTABLE SERVICIOS 16%";" "
"25100204";"IVA DESCONTABLE SERVICIOS 10%";" "
"25100205";"IVA DESCONTABLE HONORARIOS 16%";" "
"25100206";"IVA DESCONTABLE ARRENDAMIENTOS";" "
"25100207";"IVA DESCONTABLE SERVICIO DE VIGILANCIA Y ASEO 10%/AIU";" "
"25100208";"IVA DESCONTABLE SERVICIO DE ALOJAMIENTO 10%";" "
"25100209";"IVA DESCONTABLE POR IMPORTACIONES";" "
"25100210";"IVA DEVOLUCIONES EN VENTAS 16%";" "
"25100211";"IVA DESCONTABLE POR COMISIONES 16%";" "
"251002113";"IVA DEVOLUCIONES EN VENTAS SERVICIOS 1,6%";" "
"25100212";"IVA DEVOLUCIONES EN VENTAS 10%";" "
"251090";"IVA RETENIDO REGIMEN SIMPLIFICADO";" "
"25109001";"RETEIVA REG. SIMPLIFICADO COMPRAS 16%";" "
"25109002";"RETEIVA REG. SIMPLIFICADO SERVICIOS 16%";" "
"25109003";"RETEIVA REG. SIMPLIFICADO HONORARIOS";" "
"25109004";"RETEIVA REG. SIMPLIFICADO ARRENDAMIENTOS INMUEBLES";" "
"25109005";"RETEIVA REG. SIMPLIFICADO ARRIENDO BIENES MUEBLES";" "
"25109006";"RETEIVA REG. SIMPLIFICADO VIGILANCIA AIU 10%";" "
"25109007";"RETEIVA REG. SIMPLIFICADO SERVICIOS 10%";" "
"25109008";"RETEIVA REG. SIMPLIFICADO COMISIONES";" "
"25109009";"RETEIVA REG. SIMPLIFICADO COMPRAS 10%";" "
"2515";"DE INDUSTRIA Y COMERCIO ";" "
"251505";"VIGENCIA FISCAL CORRIENTE ";" "
"251510";"VIGENCIAS FISCALES ANTERIORES ";" "
"2520";"A LA PROPIEDAD RAIZ ";" "
"252005";"IMPUESTO A LA PROPIEDAD RAIZ";" "
"2525";"DERECHOS SOBRE INSTRUMENTOS PUBLICOS ";" "
"252505";"DERECHOS SOBRE INSTRUMENTOS PUBLICOS";" "
"2530";"DE VALORIZACION ";" "
"253005";"VIGENCIA FISCAL CORRIENTE ";" "
"253010";"VIGENCIAS FISCALES ANTERIORES ";" "
"2535";"DE TURISMO ";" "
"253505";"DE TURISMO";" "
"2540";"TASA POR UTILIZACION DE PUERTOS ";" "
"254005";"TASA POR UTILIZACION DE PUERTOS";" "
"2545";"DE VEHICULOS ";" "
"254505";"VIGENCIA FISCAL CORRIENTE ";" "
"254510";"VIGENCIAS FISCALES ANTERIORES";" "
"2550";"DE ESPECTACULOS PUBLICOS ";" "
"255005";"DE ESPECTACULOS P";" "
"2555";"DE HIDROCARBUROS Y MINAS ";" "
"255505";"DE HIDROCARBUROS ";" "
"255510";"DE MINAS ";" "
"2560";"REGALIAS E IMPUESTOS A LA PEQUE";" "
"2565";"A LAS EXPORTACIONES CAFETERAS ";" "
"2570";"A LAS IMPORTACIONES ";" "
"2575";"CUOTAS DE FOMENTO ";" "
"257505";"CUOTAS DE FOMENTO";" "
"2580";"DE LICORES, CERVEZAS Y CIGARRILLOS ";" "
"258005";"DE LICORES ";" "
"258010";"DE CERVEZAS ";" "
"258015";"DE CIGARRILLOS ";" "
"2585";"AL SACRIFICIO DE GANADO ";" "
"2586";"SALARIOS POR PAGAR ";" "
"258601";"SUELDOS";" "
"2587";"CESANTIAS CONSOLIDADAS ";" "
"258701";"LEY LABORAL ANTERIOR ";" "
"258702";"LEY 50 DE 1990 Y NORMAS POSTERIORES ";" "
"2588";"INTERESES SOBRE CESANTIAS ";" "
"258801";"INTERESES SOBRE CESANTIAS";" "
"2589";"PRIMA DE SERVICIOS ";" "
"258901";"PRIMA DE SERVICIOS";" "
"2590";"AL AZAR Y JUEGOS ";" "
"2591";"VACACIONES CONSOLIDADAS ";" "
"259101";"VACACIONES";" "
"2592";"GRAVAMENES Y REGALIAS POR UTILIZACION DEL SUELO ";" "
"2593";"PRESTACIONES EXTRALEGALES ";" "
"259305";"PRIMAS ";" "
"259310";"AUXILIOS ";" "
"259315";"DOTACION Y SUMINISTRO A TRABAJADORES ";" "
"259320";"BONIFICACIONES ";" "
"259325";"SEGUROS ";" "
"259395";"OTRAS ";" "
"2594";"PENSIONES POR PAGAR ";" "
"2595";"OTROS IMPUESTOS";" "
"259501";"OTROS IMPUESTOS";" "
"2596";"CUOTAS PARTES PENSIONES DE JUBILACION ";" "
"2597";"INDEMNIZACIONES LABORALES ";" "
"26";"FONDOS SOCIALES, MUTUALES Y OTROS";" "
"2605";"FONDO SOCIAL DE EDUCACI";" "
"260505";"FONDO SOCIAL DE EDUCACI";" "
"2610";"FONDO SOCIAL DE SOLIDARIDAD";" "
"261005";"FONDO SOCIAL DE SOLIDARIDAD";" "
"2612";"FONDO RESERVA TECNICA";" "
"261205";"FONDO RESERVA TECNICA";" "
"2615";"FONDO SOCIAL DE RECREACION";" "
"261505";"FONDO SOCIAL DE RECREACION";" "
"2620";"FONDOS PARA IMPREVISTOS";" "
"262005";"FONDOS PARA IMPREVISTOS";" "
"2625";"FONDO DE BIENESTAR SOCIAL";" "
"262505";"FONDO DE BIENESTAR SOCIAL";" "
"2648";"FONDO SOCIAL PARA OTROS FINES";" "
"264805";"FONDO SOCIAL PARA OTROS FINES";" "
"2655";"FONDO MUTUAL DE PREVISI";" "
"265505";"FONDO MUTUAL DE PREVISI";" "
"2658";"FONDO MANTENIMIENTO CONJUNTO HABITACIONAL";" "
"265805";"FONDO MANTENIMIENTO CONJUNTO HABITACIONAL";" "
"2660";"FONDO REPOSICI";" "
"266005";"FONDO REPOSICI";" "
"2695";"FONDO MUTUAL PARA OTROS FINES";" "
"269505";"FONDO MUTUAL PARA OTROS FINES";" "
"27";"OTROS PASIVOS";" "
"2705";"SUCURSALES Y AGENCIAS";" "
"270505";"DEPOSITOS DE AHORROS";" "
"270510";"CERTIFICADOS DEPOSITOS DE AHORRO A T";" "
"270520";"CUENTAS DE AHORRO ESPECIAL";" "
"270525";"DEPOSITOS CONTRACTUALES";" "
"270530";"DEPOSITOS DE AHORROS PERMANENTES";" "
"270535";"TRASLADO DE APORTES";" "
"270540";"TRASLADOS DE INGRESOS";" "
"270545";"TRASLADO DE RENTENCION EN LA FUENTE";" "
"270550";"TRASLADO CUENTAS POR PAGAR";" "
"270595";"OTROS TRASLADOS";" "
"2710";"OBLIGACIONES LABORALES";" "
"271005";"SALARIOS POR PAGAR";" "
"271010";"CESANTIAS CONSOLIDADAS";" "
"271015";"INTERESES SOBRE CESANTIAS";" "
"271018";"INTERESES SOBRE COMPENSACION ANUAL DIFERIDA";" "
"271020";"PRIMA DE SERVICIOS";" "
"271025";"VACACIONES CONSOLIDADAS";" "
"271030";"COMPENSACION ANUAL DIFERIDA";" "
"271035";"COMPENSACION SEMESTRAL";" "
"271040";"DESCANSO ANUAL COMPENSADO";" "
"271095";"OTRAS PRESTACIONES SOCIALES";" "
"2715";"PENSIONES POR PAGAR";" "
"2720";"CUOTAS PARTES PENSIONES DE JUBILACION";" "
"2725";"INGRESOS ANTICIPADOS";" "
"272505";"INTERESES";" "
"272510";"COMISIONES";" "
"272515";"ARRENDAMIENTOS";" "
"272520";"HONORARIOS";" "
"272525";"SERVICIOS";" "
"272595";"OTROS INGRESOS ANTICIPADOS";" "
"2730";"ABONOS DIFERIDOS";" "
"273005";"PRIMA EN COLOCACION TITULOS DE INVERSION";" "
"273015";"POR VENTA DE BIENES";" "
"273020";"UTILIDAD DIFERIDA EN VENTAS A PLAZOS";" "
"273025";"RETENCIONES O ANTICIPOS PENDIENTE DE APLICAR";" "
"273030";"AUXILIOS Y DONACIONES";" "
"273035";"INTERESES ORIGINADOS EN PROCESO DE REESTRUCTURACION";" "
"273095";"OTROS ABONOS DIFERIDOS";" "
"2735";"CUENTAS EN PARTICIPACION";" "
"2740";"INGRESOS RECIBIDOS PARA TERCEROS";" "
"274005";"VALORES RECIBIDOS PARA TERCEROS";" "
"274010";"VENTA POR CUENTA DE TERCEROS";" "
"2745";"ANTICIPOS Y AVANCES RECIBIDOS";" "
"274505";"PARA VIVIENDA";" "
"274510";"PARA IMPORTACIONES";" "
"274515";"PARA SERVICIOS";" "
"274598";"OTROS ANTICIPOS Y AVANCES RECIBIDOS";" "
"2795";"DIVERSOS";" "
"279505";"ABONOS PARA APLICAR A OBLIGACIONES";" "
"279510";"SOBRANTES EN CAJA";" "
"279595";"OTROS - DIVERSOS";" "
"28";"PASIVOS ESTIMADOS Y PROVISIONES ";" "
"2805";"INTERESES";" "
"280505";"DEPOSITOS DE AHORRO";" "
"280510";"CERTIFICADOS DE AHORRO A T";" "
"280515";"DEPOSITOS DE AHORROS CONTRACTUAL";" "
"280520";"DEPOSITOS DE AHORRO PERMANENTE";" "
"2810";"PARA COSTOS Y GASTOS";" "
"281005";"OTROS INTERESES";" "
"281010";"COMISIONES";" "
"281015";"HONORARIOS";" "
"281020";"SERVICIOS TECNICOS";" "
"281025";"TRANSPORTES, FLETES Y ACARREOS";" "
"281030";"GASTOS DE VIAJE";" "
"281035";"SERVICIOS PUBLICOS";" "
"281040";"REGALIAS";" "
"281045";"GARANTIAS";" "
"281050";"MATERIALES Y REPUESTOS";" "
"281055";"ARRENDAMIENTOS";" "
"281060";"CONTRIBUCIONES Y AFILIACIONES";" "
"281065";"SERVICIOS VARIOS";" "
"281095";"OTROS";" "
"2820";"PARA MANTENIMIENTO Y REPARACIONES";" "
"282005";"TERRENOS";" "
"282010";"EDIFICACIONES";" "
"282015";"MAQUINARIA Y EQUIPO";" "
"282020";"MUEBLES Y EQUIPO DE OFICINA";" "
"282025";"EQUIPO DE COMPUTACION Y COMUNICACION";" "
"282030";"LABORATORIOS Y EQUIPOS DIDACTICOS";" "
"282035";"VEHICULOS";" "
"282040";"MAUSOLEOS";" "
"282045";"BIENES DE FONDOS SOCIALES";" "
"282050";"ACUEDUCTOS PLANTAS Y REDES";" "
"282055";"ARMAMENTO DE VIGILANCIA";" "
"282060";"PLANTACIONES AGRICOLAS Y FORESTALES";" "
"282065";"POZOS ARTESIANOS";" "
"282095";"OTROS";" "
"2825";"PARA OBLIGACIONES LABORALES ";" "
"282505";"CESANTIAS ";" "
"282510";"INTERESES SOBRE CESANTIAS ";" "
"282515";"VACACIONES ";" "
"282520";"PRIMA DE SERVICIOS ";" "
"282525";"PRIMAS EXTRALEGALES";" "
"282530";"PRIMA DE VACACIONES";" "
"282535";"BONIFICACIONES";" "
"282540";"PRIMA DE ANTIG";" "
"282545";"SEGURIDAD SOCIAL";" "
"282550";"COMPENSACION ANUAL DIFERIDA";" "
"282553";"INTERESES SOBRE COMPENSACION ANUAL DIFERIDA";" "
"282555";"COMPENSACION SEMESTRAL";" "
"282560";"DESCANSO ANUAL COMPENSADO";" "
"282565";"COMPENSACION EXTRAORDINARIA";" "
"282595";"OTRAS ";" "
"2827";"PENSIONES DE JUBILACION";" "
"282705";"CALCULO ACTUARIAL PENSIONES DE JUBILACION";" "
"282710";"PENSIONES DE JUBILACION POR AMORTIZAR (DB)";" "
"2830";"PARA IMPUESTOS - OBLIGACIONES FISCALES";" "
"283005";"DE RENTA Y COMPLEMENTARIOS ";" "
"283010";"DE INDUSTRIA Y COMERCIO ";" "
"283015";"PREDIAL";" "
"283020";"VEHICULOS";" "
"283025";"VALORIZACION";" "
"283030";"DERECHOS SOBRE INSTRUMENTOS PUBLICOS";" "
"283035";"DE TURISMO";" "
"283040";"DE HIDROCARBUROS Y MINAS";" "
"283045";"DE LICORES, CERVEZAS Y CIGARRILLOS";" "
"283050";"AL AZAR Y JUEGOS";" "
"283095";"OTROS ";" "
"2835";"CONTRIBUCIONES Y AFILIACIONES";" "
"283505";"SUPERINTENDENCIA DE LA ECONOMIA SOLIDARIA";" "
"283520";"FONDO DE GARANTIAS DE ENTIDADES COOPERATIVAS";" "
"283545";"CONFEDERACIONES";" "
"283550";"FEDERACIONES";" "
"283555";"ASOCIACIONES";" "
"283595";"OTRAS";" "
"2840";"MULTAS Y SANCIONES - SUPERINTENDENCIA ECONOMIA SOLIDARIA";" "
"284005";"RELACION ACTIVOS PONDERADOS POR RIESGO";" "
"284010";"EXCESOS (DEFECTOS) DE COLOCACIONES DE CARTERA";" "
"284015";"EXCESOS EN ADQUISICI";" "
"284020";"DEFECTOS DE INVERSIONES";" "
"284025";"DEFECTO FONDO DE LIQUIDEZ";" "
"284030";"MARGEN DE SOLVENCIA";" "
"284095";"OTRAS";" "
"2845";"MULTAS Y SANCIONES, LITIGIOS, INDEMNIZACIONES Y DEMANDAS";" "
"284510";"AUTORIDADES ADMINISTRATIVAS";" "
"284515";"INDEMNIZACIONES A ASOCIADOS";" "
"284520";"OTRAS INDEMNIZACIONES";" "
"284525";"DEMANDAS LABORALES";" "
"284530";"DEMANDAS POR INCUMPLIMIENTO DE CONTRATOS";" "
"284535";"LITIGIOS EN PROCESO EJECUTIVO";" "
"284540";"OTROS LITIGIOS EN PROCESO ADMINISTRATIVO JUDICIAL O ARBITRAL";" "
"284595";"OTRAS";" "
"2890";"OTROS PASIVOS ESTIMADOS";" "
"289005";"PARA CONTINGENCIAS";" "
"2895";"PROVISIONES DIVERSAS";" "
"289505";"PARA BENEFICIENCA";" "
"289510";"PARA COMUNICACIONES";" "
"289595";"OTRAS";" "
"29";"TITULOS DE INVERSION EN CIRCULACION";" "
"2905";"BONOS POR PAGAR";" "
"290540";"DE GARANTIA GENERAL MENOR DE 18 MESES";" "
"290545";"DE GARANTIA GENERAL IGUAL O SUPERIOR A 18 MESES";" "
"290580";"OTROS MENOR DE 18 MESES";" "
"290585";"OTROS IGUAL O SUPERIOR A 18 MESES";" "
"31";"CAPITAL SOCIAL ";" "
"3105";"APORTES SOCIALES ";" "
"310505";"APORTES ORDINARIOS";" "
"310510";"APORTES EXTRAORDINARIOS";" "
"310515";"APORTES AMORTIZADOS";" "
"310520";"APORTES VOLUNTARIOS";" "
"3110";"FONDO SOCIAL MUTUAL";" "
"311005";"CUOTAS O CONTRIBUCIONES SOCIALES";" "
"311010";"RESULTADO SOCIAL POSITIVO";" "
"32";"RESERVAS ";" "
"3205";"RESERVA PROTECCI";" "
"320505";"RESERVA PROTECCION DE APORTES";" "
"3210";"RESERVA DE INVERSI";" "
"3215";"RESERVA DE ASAMBLEA";" "
"3220";"RESERVA PROTECCI";" "
"322005";"RESERVA CREDITOS CON LIBRANZA";" "
"322010";"RESERVA CREDITOS SIN LIBRANZA";" "
"3225";"RESERVAS ESTATUTARIAS";" "
"322505";"RESERVA PARA CAPITAL DE TRABAJO";" "
"322510";"RESERVA REPOSICI";" "
"322515";"RESERVA FUTUROS ENSANCHES";" "
"322590";"OTRAS";" "
"3230";"RESERVA PROTECCION FONDO MUTUAL";" "
"3235";"POR DISPOSICIONES FISCALES";" "
"323505";"POR VALORIZACI";" "
"323595";"OTRAS";" "
"3280";"OTRAS RESERVAS";" "
"33";"FONDOS DE DESTINACION ESPEC";" "
"3305";"FONDO PARA AMORTIZACION DE APORTES";" "
"330505";"FONDO PARA AMORTIZACI";" "
"3310";"FONDO PARA REVALORIZACION DE APORTES";" "
"331005";"FONDO PARA REVALORIZACION DE APORTES";" "
"331010";"FONDO DE MANTENIMIENTO DEL PODER ADQUISITIVO DE LOS APORTES";" "
"3315";"FONDO MERCADEO DE PRODUCTOS";" "
"331505";"FONDO MERCADEO DE PRODUCTOS";" "
"3320";"FONDO PARA INFRAESTRUCTURA FISICA";" "
"332005";"FONDO PARA INFRAESTRUCTURA FISICA";" "
"3325";"FONDO ESPECIAL";" "
"332505";"FONDO ESPECIAL";" "
"3330";"FONDO SOCIALES CAPITALIZADOS";" "
"333005";"FONDO SOCIALES CAPITALIZADOS";" "
"3335";"FONDOS DE INVERSION";" "
"333505";"FONDOS DE INVERSION";" "
"3340";"OTROS FONDOS";" "
"334005";"OTROS FONDOS";" "
"34";"SUPERAVIT";" "
"3405";"AUXILIOS Y DONACIONES";" "
"340505";"ENTIDADES PARTICULARES";" "
"340510";"ENTIDADES EXTRANJERAS";" "
"340595";"OTRAS";" "
"3415";"VALORIZACIONES";" "
"341505";"INVERSIONES DISPONIBLES PARA LA VENTA EN TITULOS PARTICIPATIVOS DE BAJA";" "
"341510";"PROPIEDADES PLANTA Y EQUIPO";" "
"341520";"SEMOVIENTES";" "
"341525";"BIENES DE ARTE Y CULTURA";" "
"341530";"PATRIMONIO AUT";" "
"341595";"OTRAS";" "
"3420";"GANANCIAS O P";" "
"342005";"TITULOS DE DEUDA";" "
"342010";"TITULOS PARTICIPATIVOS DE ALTA O MEDIA BURSATILIDAD";" "
"342015";"TITULOS PARTICIPATIVOS O MIXTOS DE PROCESOS DE TITULARIZACION";" "
"35";"RESULTADOS DEL EJERCICIO";" "
"3505";"EXCEDENTES Y/O P";" "
"350505";"EXCEDENTES";" "
"350510";"PERDIDAS (DB)";" "
"36";"RESULTADOS DE EJERCICIOS ANTERIORES";" "
"3605";"EXCEDENTES Y/O P";" "
"360505";"EXCEDENTES";" "
"360510";"PERDIDAS (DB)";" "
"41";"OPERACIONALES ";" "
"4105";"AGRICULTURA, GANADERIA, CAZA Y SILVICULTURA ";" "
"410505";"CULTIVO DE CEREALES";" "
"410510";"CULTIVOS DE HORTALIZAS, LEGUMBRES Y PLANTAS ORNAMENTALES ";" "
"410515";"CULTIVOS DE FRUTAS, NUECES Y PLANTAS AROMATICAS ";" "
"410520";"CULTIVO DE CAFE ";" "
"410525";"CULTIVO DE FLORES ";" "
"410530";"CULTIVO DE CA";" "
"410535";"CULTIVO DE ALGODON Y PLANTAS PARA MATERIAL TEXTIL";" "
"410540";"CULTICO DE BANANO";" "
"410545";"OTROS CULTIVOS AGRICOLAS ";" "
"410550";"CRIA DE OVEJAS, CABRAS, ASNOS, MULAS Y BURDEGANOS ";" "
"410555";"CRIA DE GANADO CABALLAR Y VACUNO. ";" "
"410560";"PRODUCCION AVICOLA ";" "
"410565";"CRIA DE OTROS ANIMALES ";" "
"410570";"SERVICIOS AGRICOLAS Y GANADEROS ";" "
"410575";"ACTIVIDAD DE CAZA ";" "
"410580";"ACTIVIDAD DE SILVICULTURA ";" "
"4110";"PESCA ";" "
"411005";"ACTIVIDAD DE PESCA ";" "
"411010";"EXPLOTACION DE CRIADEROS DE PECES ";" "
"411095";"ACTIVIDADES CONEXAS ";" "
"4115";"EXPLOTACION DE MINAS Y CANTERAS ";" "
"411505";"CARBON ";" "
"411510";"PETROLEO CRUDO ";" "
"411512";"GAS NATURAL ";" "
"411514";"SERVICIOS RELACIONADOS CON EXTRACCION DE PETROLEO Y GAS ";" "
"411515";"MINERALES DE HIERRO ";" "
"411520";"MINERALES METALIFEROS NO FERROSOS ";" "
"411525";"PIEDRA, ARENA Y ARCILLA ";" "
"411527";"PIEDRAS PRECIOSAS ";" "
"411528";"ORO ";" "
"411530";"OTRAS MINAS Y CANTERAS ";" "
"411532";"PRESTACION DE SERVICIOS SECTOR MINERO ";" "
"411595";"ACTIVIDADES CONEXAS ";" "
"4120";"INDUSTRIAS MANUFACTURERAS ";" "
"412001";"PRODUCCION Y PROCESAMIENTO DE CARNES Y PRODUCTOS CARNICOS ";" "
"412002";"PRODUCTOS DE PESCADO ";" "
"412003";"PRODUCTOS DE FRUTAS, LEGUMBRES Y HORTALIZAS ";" "
"412004";"ELABORACION DE ACEITES Y GRASAS ";" "
"412005";"ELABORACION DE PRODUCTOS LACTEOS ";" "
"412006";"ELABORACION DE PRODUCTOS DE MOLINERIA ";" "
"412007";"ELABORACION DE ALMIDONES Y DERIVADOS ";" "
"412008";"ELABORACION DE ALIMENTOS PARA ANIMALES ";" "
"412009";"ELABORACION DE PRODUCTOS PARA PANADERIA ";" "
"412010";"ELABORACION DE AZUCAR Y MELAZAS ";" "
"412011";"ELABORACION DE CACAO, CHOCOLATE Y CONFITERIA ";" "
"412012";"ELABORACION DE PASTAS Y PRODUCTOS FARINACEOS ";" "
"412013";"ELABORACION DE PRODUCTOS DE CAFE ";" "
"412014";"ELABORACION DE OTROS PRODUCTOS ALIMENTICIOS ";" "
"412015";"ELABORACION DE BEBIDAS ALCOHOLICAS Y ALCOHOL ETILICO ";" "
"412016";"ELABORACION DE VINOS ";" "
"412017";"ELABORACION DE BEBIDAS MALTEADAS Y DE MALTA ";" "
"412018";"ELABORACION DE BEBIDAS NO ALCOHOLICAS ";" "
"412019";"ELABORACION DE PRODUCTOS DE TABACO ";" "
"412020";"PREPARACION E HILATURA DE FIBRAS TEXTILES Y TEJEDURIA ";" "
"412021";"ACABADO DE PRODUCTOS TEXTILES ";" "
"412022";"ELABORACION DE ARTICULOS DE MATERIALES TEXTILES ";" "
"412023";"ELABORACION DE TAPICES Y ALFOMBRAS ";" "
"412024";"ELABORACION DE CUERDAS, CORDELES, BRAMANTES Y REDES ";" "
"412025";"ELABORACION DE OTROS PRODUCTOS TEXTILES ";" "
"412026";"ELABORACION DE TEJIDOS ";" "
"412027";"ELABORACION DE PRENDAS DE VESTIR ";" "
"412028";"PREPARACION, ADOBO Y TE";" "
"412029";"CURTIDO, ADOBO O PREPARACION DE CUERO ";" "
"412030";"ELABORACION DE MALETAS, BOLSOS Y SIMILARES ";" "
"412031";"ELABORACION DE CALZADO ";" "
"412032";"PRODUCCION DE MADERA, ARTICULOS DE MADERA Y CORCHO ";" "
"412033";"ELABORACION DE PASTA Y PRODUCTOS DE MADERA, PAPEL Y CARTON ";" "
"412034";"EDICIONES Y PUBLICACIONES ";" "
"412035";"IMPRESION ";" "
"412036";"SERVICIOS RELACIONADOS CON LA EDICION Y LA IMPRESION ";" "
"412037";"REPRODUCCION DE GRABACIONES ";" "
"412038";"ELABORACION DE PRODUCTOS DE HORNO DE COQUE ";" "
"412039";"ELABORACION DE PRODUCTOS DE LA REFINACION DE PETROLEO ";" "
"412040";"ELABORACION DE SUSTANCIAS QUIMICAS BASICAS ";" "
"412041";"ELABORACION DE ABONOS Y COMPUESTOS DE NITROGENO ";" "
"412042";"ELABORACION DE PLASTICO Y CAUCHO SINTETICO ";" "
"412043";"ELABORACION DE PRODUCTOS QUIMICOS DE USO AGROPECUARIO ";" "
"412044";"ELABORACION DE PINTURAS, TINTAS Y MASILLAS ";" "
"412045";"ELABORACION DE PRODUCTOS FARMACEUTICOS Y BOTANICOS ";" "
"412046";"ELABORACION DE JABONES, DETERGENTES Y PREPARADOS DE TOCADOR ";" "
"412047";"ELABORACION DE OTROS PRODUCTOS QUIMICOS ";" "
"412048";"ELABORACION DE FIBRAS ";" "
"412049";"ELABORACION DE OTROS PRODUCTOS DE CAUCHO ";" "
"412050";"ELABORACION DE PRODUCTOS DE PLASTICO ";" "
"412051";"ELABORACION DE VIDRIO Y PRODUCTOS DE VIDRIO ";" "
"412052";"ELABORACION DE PRODUCTOS DE CERAMICA, LOZA, PIEDRA, ARCILLA Y PORCELANA ";" "
"412053";"ELABORACION DE CEMENTO, CAL Y YESO ";" "
"412054";"ELABORACION DE ARTICULOS DE HORMIGON, CEMENTO Y YESO ";" "
"412055";"CORTE, TALLADO Y ACABADO DE LA PIEDRA ";" "
"412056";"ELABORACION DE OTROS PRODUCTOS MINERALES NO METALICOS ";" "
"412057";"INDUSTRIAS BASICAS Y FUNDICION DE HIERRO Y ACERO ";" "
"412058";"PRODUCTOS PRIMARIOS DE METALES PRECIOSOS Y DE METALES NO FERROSOS ";" "
"412059";"FUNDICION DE METALES NO FERROSOS ";" "
"412060";"FABRICACION DE PRODUCTOS METALICOS PARA USO ESTRUCTURAL ";" "
"412061";"FORJA, PRENSADO, ESTAMPADO, LAMINADO DE METAL Y PULVIMETALURGIA ";" "
"412062";"REVESTIMIENTO DE METALES Y OBRAS DE INGENIERIA MECANICA ";" "
"412063";"FABRICACION DE ARTICULOS DE FERRETERIA ";" "
"412064";"ELABORACION DE OTROS PRODUCTOS DE METAL ";" "
"412065";"FABRICACION DE MAQUINARIA Y EQUIPO ";" "
"412066";"FABRICACION DE EQUIPOS DE ELEVACION Y MANIPULACION ";" "
"412067";"ELABORACION DE APARATOS DE USO DOMESTICO ";" "
"412068";"ELABORACION DE EQUIPO DE OFICINA ";" "
"412069";"ELABORACION DE PILAS Y BATERIAS PRIMARIAS ";" "
"412070";"ELABORACION DE EQUIPO DE ILUMINACION ";" "
"412071";"ELABORACION DE OTROS TIPOS DE EQUIPO ELECTRICO ";" "
"412072";"FABRICACION DE EQUIPOS DE RADIO, TELEVISION Y COMUNICACIONES ";" "
"412073";"FABRICACION DE APARATOS E INSTRUMENTOS MEDICOS ";" "
"412074";"FABRICACION DE INSTRUMENTOS DE MEDICION Y CONTROL ";" "
"412075";"FABRICACION DE INSTRUMENTOS DE OPTICA Y EQUIPO FOTOGRAFICO ";" "
"412076";"FABRICACION DE RELOJES ";" "
"412077";"FABRICACION DE VEHICULOS AUTOMOTORES ";" "
"412078";"FABRICACION DE CARROCERIAS PARA AUTOMOTORES ";" "
"412079";"FABRICACION DE PARTES PIEZAS Y ACCESORIOS PARA AUTOMOTORES ";" "
"412080";"FABRICACION Y REPARACION DE BUQUES Y OTRAS EMBARCACIONES ";" "
"412081";"FABRICACION DE LOCOMOTORAS Y MATERIAL RODANTE PARA FERROCARRILES ";" "
"412082";"FABRICACION DE AERONAVES ";" "
"412083";"FABRICACION DE MOTOCICLETAS ";" "
"412084";"FABRICACION DE BICICLETAS Y SILLAS DE RUEDAS ";" "
"412085";"FABRICACION DE OTROS TIPOS DE TRANSPORTE ";" "
"412086";"FABRICACION DE MUEBLES ";" "
"412087";"FABRICACION DE JOYAS Y ARTICULOS CONEXOS ";" "
"412088";"FABRICACION DE INSTRUMENTOS DE MUSICA ";" "
"412089";"FABRICACION DE ARTICULOS Y EQUIPO PARA DEPORTE ";" "
"412090";"FABRICACION DE JUEGOS Y JUGUETES ";" "
"412091";"RECICLAMIENTO DE DESPERDICIOS ";" "
"412095";"PRODUCTOS DE OTRAS INDUSTRIAS MANUFACTURERAS ";" "
"4125";"SUMINISTRO DE ELECTRICIDAD, GAS Y AGUA ";" "
"412505";"GENERACION, CAPTACION Y DISTRIBUCION DE ENERGIA ELECTRICA ";" "
"412510";"FABRICACION DE GAS Y DISTRIBUCION DE COMBUSTIBLES GASEOSOS ";" "
"412515";"CAPTACION, DEPURACION Y DISTRIBUCION DE AGUA ";" "
"412595";"ACTIVIDADES CONEXAS ";" "
"4130";"CONSTRUCCION ";" "
"413005";"PREPARACION DE TERRENOS ";" "
"413010";"CONSTRUCCION DE EDIFICIOS Y OBRAS DE INGENIERIA CIVIL ";" "
"413015";"ACONDICIONAMIENTO DE EDIFICIOS ";" "
"413020";"TERMINACION DE EDIFICACIONES ";" "
"413025";"ALQUILER DE EQUIPO CON OPERARIOS ";" "
"413095";"ACTIVIDADES CONEXAS ";" "
"41309501";"SERVICIO DE OBRA";" "
"41309502";"ADMINISTRACION";" "
"41309503";"IMPREVISTOS";" "
"41309504";"UTILIDAD";" "
"4135";"COMERCIO AL POR MAYOR Y AL POR MENOR ";" "
"413502";"VENTA DE VEHICULOS AUTOMOTORES ";" "
"413504";"MANTENIMIENTO, REPARACION Y LAVADO DE VEHICULOS AUTOMOTORES ";" "
"413506";"VENTA DE PARTES, PIEZAS Y ACCESORIOS DE VEHICULOS AUTOMOTORES ";" "
"413508";"VENTA DE COMBUSTIBLES SOLIDOS, LIQUIDOS, GASEOSOS ";" "
"413510";"VENTA DE LUBRICANTES, ADITIVOS, LLANTAS Y LUJOS PARA AUTOMOTORES ";" "
"413512";"VENTA A CAMBIO DE RETRIBUCION O POR CONTRATA ";" "
"413514";"VENTA DE INSUMOS, MATERIAS PRIMAS AGROPECUARIAS Y FLORES ";" "
"413516";"VENTA DE OTROS INSUMOS Y MATERIAS PRIMAS NO AGROPECUARIAS ";" "
"413518";"VENTA DE ANIMALES VIVOS Y CUEROS ";" "
"413520";"VENTA DE PRODUCTOS EN ALMACENES NO ESPECIALIZADOS ";" "
"413522";"VENTA DE PRODUCTOS AGROPECUARIOS ";" "
"413524";"VENTA DE PRODUCTOS TEXTILES, DE VESTIR, DE CUERO Y CALZADO ";" "
"413526";"VENTA DE PAPEL Y CARTON ";" "
"413528";"VENTA DE LIBROS, REVISTAS, ELEMENTOS DE PAPELERIA, UTILES Y TEXTOS ESCOLARES ";" "
"413530";"TIENDA";" "
"413532";"VENTA DE INSTRUMENTOS QUIRURGICOS Y ORTOPEDICOS ";" "
"413534";"VENTA DE ARTICULOS EN RELOJERIAS Y JOYERIAS ";" "
"413536";"VENTA DE ELECTRODOMESTICOS Y MUEBLES ";" "
"413538";"VENTA DE PRODUCTOS DE ASEO, FARMACEUTICOS, MEDICINALES, Y ARTICULOS DE TOCADOR ";" "
"413540";"VENTA DE CUBIERTOS, VAJILLAS, CRISTALERIA, PORCELANAS, CERAMICAS Y OTROS ARTICULOS DE USO DOMESTICO ";" "
"413542";"VENTA DE MATERIALES DE CONSTRUCCION, FONTANERIA Y CALEFACCION ";" "
"413544";"VENTA DE PINTURAS, LACAS Y FERRETERIA";" "
"413546";"VENTA DE PRODUCTOS DE VIDRIOS Y MARQUETERIA ";" "
"413548";"VENTA DE HERRAMIENTAS Y ARTICULOS DE FERRETERIA ";" "
"413550";"VENTA DE QUIMICOS ";" "
"413552";"VENTA DE PRODUCTOS INTERMEDIOS, DESPERDICIOS Y DESECHOS ";" "
"413554";"VENTA DE MAQUINARIA, EQUIPO DE OFICINA Y PROGRAMAS DE COMPUTADOR ";" "
"413556";"VENTA DE ARTICULOS EN CACHARRERIAS Y MISCELANEAS ";" "
"413558";"VENTA DE INSTRUMENTOS MUSICALES ";" "
"413560";"VENTA DE ARTICULOS EN CASAS DE EMPE";" "
"413562";"VENTA DE EQUIPO FOTOGRAFICO ";" "
"413564";"VENTA DE EQUIPO OPTICO Y DE PRECISION ";" "
"413566";"VENTA DE EMPAQUES ";" "
"413568";"VENTA DE EQUIPO PROFESIONAL Y CIENTIFICO ";" "
"413570";"VENTA DE LOTERIAS, RIFAS, CHANCE, APUESTAS Y SIMILARES ";" "
"413572";"REPARACION DE EFECTOS PERSONALES Y ELECTRODOMESTICOS ";" "
"413595";"VENTA DE OTROS PRODUCTOS ";" "
"4140";"HOTELES Y RESTAURANTES ";" "
"414005";"HOTELERIA ";" "
"414010";"CAMPAMENTO Y OTROS TIPOS DE HOSPEDAJE ";" "
"414015";"RESTAURANTES ";" "
"414020";"BARES Y CANTINAS ";" "
"414095";"ACTIVIDADES CONEXAS ";" "
"4145";"TRANSPORTE, ALMACENAMIENTO Y COMUNICACIONES ";" "
"414505";"SERVICIO DE TRANSPORTE POR CARRETERA ";" "
"414510";"SERVICIO DE TRANSPORTE POR VIA FERREA ";" "
"414515";"SERVICIO DE TRANSPORTE POR VIA ACUATICA ";" "
"414520";"SERVICIO DE TRANSPORTE POR VIA AEREA ";" "
"414525";"SERVICIO DE TRANSPORTE POR TUBERIAS ";" "
"414530";"MANIPULACION DE CARGA ";" "
"414535";"ALMACENAMIENTO Y DEPOSITO ";" "
"414540";"SERVICIOS COMPLEMENTARIOS PARA EL TRANSPORTE ";" "
"414545";"AGENCIAS DE VIAJE ";" "
"414550";"OTRAS AGENCIAS DE TRANSPORTE ";" "
"414555";"SERVICIO POSTAL Y DE CORREO ";" "
"414560";"SERVICIO TELEFONICO ";" "
"414565";"SERVICIO DE TELEGRAFO ";" "
"414570";"SERVICIO DE TRANSMISION DE DATOS ";" "
"414575";"SERVICIO DE RADIO Y TELEVISION POR CABLE ";" "
"414580";"TRANSMISION DE SONIDO E IMAGENES POR CONTRATO ";" "
"414595";"ACTIVIDADES CONEXAS ";" "
"4150";"ACTIVIDAD FINANCIERA ";" "
"415005";"INTERESES CREDITOS COMERCIALES";" "
"415010";"INTERESES CREDITOS CONSUMO";" "
"415015";"INTERESES CREDITOS VIVIENDA";" "
"415016";"INTERESES MICROCREDITO INMOBILIARIO";" "
"415017";"INTERESES MICROCREDITO EMPRESARIAL";" "
"415018";"REAJUSTE MONETARIO VIVIENDA (U.V.R.)";" "
"415020";"UTILIDAD EN VENTA TITULOS NEGOCIABLES DE DEUDA";" "
"415022";"UTILIDAD EN VENTA TITULOS NEGOCIABLES DE PATICIPACI";" "
"415024";"UTILIDAD EN VENTA TITULOS PARA MANTENER HASTA EL VENCIMIENTO";" "
"415025";"UTILIDAD EN VENTA DE INVERSIONES DISP0NIBLE PARA LA VENTA";" "
"415026";"UTILIDAD EN VENTA EN INVERSIONES DISPONIBLE PARA LA VENTA EN TITULOS DE DEUDA";" "
"415028";"UTILIDAD EN VENTA EN INVERSIONES DISPONIBLE PARA LA VENTA EN TITULOS DE PARTICIPACI";" "
"415040";"INTERESES TITULO E INVERSI";" "
"415045";"INTERESES GANADOS FOGACOOP";" "
"415046";"INTERESES FONDO DE LIQUIDEZ";" "
"415048";"DIVIDENDOS, PARTICIPACIONES Y RETORNOS";" "
"415060";"COMISIONES Y/O HONORARIOS";" "
"415070";"UTILIDAD EN VENTA DE CARTERA";" "
"415075";"DIFERENCIA EN CAMBIO";" "
"415080";"PACTO DE REAJUSTE";" "
"415081";"INTERESES COMPROMISOS REVENTA DE INVERSIONES";" "
"415082";"INTERESES COMPROMISOS REVENTA DE CARTERA";" "
"415083";"INTERESES DE INVERSIONES";" "
"415098";"OTROS INGRESOS FINANCIEROS";" "
"4151";"UTILIDAD EN VALORACION DE INVERSIONES NEGOCIABLES EN TITULOS DE DEUDA";" "
"415106";"POR INCREMENTO EN EL VALOR DE MERCADO (CR)";" "
"415112";"POR DISMINUCION EN EL VALOR DE MERCADO (DB)";" "
"4152";"UTILIDAD EN VALORACION DE INVERSIONES NEGOCIABLES EN TITULOS PARTICIPATIVOS";" "
"415206";"POR INCREMENTO EN EL VALOR DE MERCADO (CR)";" "
"415211";"POR DISMINUCION EN EL VALOR DE MERCADO (DB)";" "
"4153";"UTILIDAD EN VALORACION DE INVERSIONES DISPONIBLES PARA LA VENTA EN TITULOS DE DEUDA";" "
"415306";"POR INCREMENTO EN EL VALOR PRESENTE (CR)";" "
"415312";"POR DISMINUCION EN EL VALOR PRESENTE (DB)";" "
"4154";"UTILIDAD EN VALORACION INVERSIONES PARA MANTENER HASTA EL VENCIMIENTO";" "
"415406";"POR INCREMENTO EN EL VALOR PRESENTE (CR)";" "
"4155";"ACTIVIDADES INMOBILIARIAS, EMPRESARIALES Y DE ALQUILER ";" "
"415505";"ARRENDAMIENTOS DE BIENES INMUEBLES ";" "
"415510";"INMOBILIARIAS POR RETRIBUCION O CONTRATACION";" "
"415515";"ALQUILER EQUIPO DE TRANSPORTE ";" "
"415520";"ALQUILER MAQUINARIA Y EQUIPO ";" "
"415525";"ALQUILER DE EFECTOS PERSONALES Y ENSERES DOMESTICOS ";" "
"415530";"CONSULTORIA EN EQUIPO Y PROGRAMAS DE INFORMATICA ";" "
"415535";"PROCESAMIENTO DE DATOS ";" "
"415540";"MANTENIMIENTO Y REPARACION DE MAQUINARIA DE OFICINA ";" "
"415545";"INVESTIGACIONES CIENTIFICAS Y DE DESARROLLO ";" "
"415550";"ACTIVIDADES EMPRESARIALES DE CONSULTORIA ";" "
"415555";"PUBLICIDAD ";" "
"415560";"DOTACION DE PERSONAL ";" "
"415565";"INVESTIGACION Y SEGURIDAD ";" "
"415570";"LIMPIEZA DE INMUEBLES ";" "
"415575";"FOTOGRAFIA ";" "
"415580";"ENVASE Y EMPAQUE ";" "
"415585";"FOTOCOPIADO ";" "
"415590";"MANTENIMIENTO Y REPARACION DE MAQUINARIA Y EQUIPO ";" "
"415595";"ACTIVIDADES CONEXAS ";" "
"4160";"ENSE";" "
"416005";"ACTIVIDADES RELACIONADAS CON LA EDUCACION ";" "
"416010";"CERTIFICACIONES";" "
"416015";"FORMULARIOS";" "
"416020";"VALOR DERECHOS";" "
"416025";"PAZ Y SALVO";" "
"416095";"ACTIVIDADES CONEXAS ";" "
"4165";"SERVICIOS SOCIALES Y DE SALUD ";" "
"416505";"SERVICIO HOSPITALARIO ";" "
"416510";"SERVICIO MEDICO ";" "
"416515";"SERVICIO ODONTOLOGICO ";" "
"416520";"SERVICIO DE LABORATORIO ";" "
"416525";"ACTIVIDADES VETERINARIAS ";" "
"416530";"ACTIVIDADES DE SERVICIOS SOCIALES ";" "
"416535";"CUOTAS DE ADMINISTRACI";" "
"416540";"CUOTAS DE ADMINISTRACI";" "
"416545";"SERVICIOS DE PREVISI";" "
"416595";"OTROS SERVICIOS";" "
"4170";"OTRAS ACTIVIDADES DE SERVICIOS COMUNITARIOS, SOCIALES Y PERSONALES ";" "
"417005";"ELIMINACION DE DESPERDICIOS Y AGUAS RESIDUALES ";" "
"417010";"ACTIVIDADES DE ASOCIACION ";" "
"417015";"PRODUCCION Y DISTRIBUCION DE FILMES Y VIDEOCINTAS ";" "
"417020";"EXHIBICION DE FILMES Y VIDEOCINTAS ";" "
"417025";"ACTIVIDAD DE RADIO Y TELEVISION ";" "
"417030";"ACTIVIDAD TEATRAL, MUSICAL Y ARTISTICA ";" "
"417035";"GRABACION Y PRODUCCION DE DISCOS ";" "
"417040";"ENTRETENIMIENTO Y ESPARCIMIENTO (EVENTOS)";" "
"417045";"AGENCIAS DE NOTICIAS ";" "
"417050";"LAVANDERIAS Y SIMILARES ";" "
"417055";"PELUQUERIAS Y SIMILARES ";" "
"417060";"SERVICIOS FUNERARIOS ";" "
"417062";"VIGILANCIA Y SEGURIDAD PRIVADA";" "
"417065";"ZONAS FRANCAS ";" "
"417070";"SERVICIOS DE ASISTENCIA T";" "
"417072";"SERVICIOS EN SISTEMAS O COMPUTACI";" "
"417075";"SERVICIO DE ASESORIAS FINANCIERAS Y CONTADURIA";" "
"417080";"SERVICIO DE REVISORIAS Y AUDITORIAS";" "
"417082";"SERVICIO DE ASESORIA JUR";" "
"417085";"SERVICIO DE B";" "
"417088";"SERVICIO DE TRILLA";" "
"417089";"SERVICIO DE ARCHIVO";" "
"417095";"ACTIVIDADES CONEXAS ";" "
"4175";"DEVOLUCIONES, REBAJAS Y DESCUENTOS EN VENTAS (DB) ";" "
"417505";"DEVOLUCIONES, REBAJAS Y DESCUENTOS EN VENTAS DE BIENES";" "
"4180";"RECUPERACIONES";" "
"418015";"REINTEGRO PROVISI";" "
"418016";"REINTEGRO PROVISI";" "
"418017";"REINTEGRO PROVISI";" "
"418018";"REINTEGRO PROVISI";" "
"418020";"REINTEGRO PROVISION DEUDORES POR VENTA DE BIENES";" "
"418025";"REINTEGRO PROVISI";" "
"418027";"REINTEGRO PROVISI";" "
"4185";"SERVICIO DE CREDITO";" "
"418505";"INTERESES CREDITOS COMERCIAL";" "
"418510";"INTERESES CREDITOS CONSUMO";" "
"418515";"INTERESES CREDITOS DE VIVIENDA";" "
"418516";"INTERESES MICROCREDITO EMPRESARIAL";" "
"418517";"INTERESES MICROCREDITO INMOBILIARIO";" "
"418518";"REAJUSTE MONETARIO VIVIENDA ( U.V.R.)";" "
"418519";"INTERESES INVERSIONES NEGOCIABLES EN TITULOS DE DEUDA";" "
"418521";"INTERESES INVERSIONES NEGOCIABLES EN TITULOS PARTICIPATIVOS";" "
"418522";"INTERESES INVERSIONES DISPONIBLES PARA LA VENTA";" "
"418523";"INTERESES INVERSIONES PARA MANTENER HASTA EL VENCIMIENTO";" "
"418525";"INTERESES COMPROMISOS DE REVENTA DE INVERSIONES";" "
"418530";"INTERESES COMPROMISOS DE REVENTA DE CARTERA";" "
"418540";"INTERESES GANADOS FOGACOOP";" "
"418542";"INTERESES DEUDORES POR VENTA DE BIENES";" "
"418543";"INTERESES DEUDORES POR PRESTACI";" "
"418545";"INTERESES VARIOS";" "
"418546";"INTERESES FONDO DE LIQUIDEZ";" "
"418550";"VALORACION INVERSIONES TEMPORALES";" "
"418555";"VALORACION INVERSIONES PERMANENTES";" "
"418560";"COMISIONES Y/O HONORARIOS";" "
"418565";"UTILIDAD EN VENTAS DE INVERSIONES";" "
"418570";"UTILIDAD EN VENTA DE CARTERA";" "
"418575";"DIFERENCIA EN CAMBIOS";" "
"418580";"PACTO DE REAJUSTE";" "
"418598";"OTROS INGRESOS DE SERVICIO DE CREDITO";" "
"4190";"ADMINISTRATIVOS Y SOCIALES";" "
"419005";"CUOTAS DE ADMISI";" "
"419010";"CUOTAS DE ADMINISTRACI";" "
"419015";"CUOTAS POR SERVICIOS DE PREVISI";" "
"419090";"OTROS INGRESOS ADMINISTRATIVOS";" "
"42";"NO OPERACIONALES ";" "
"4205";"OTRAS VENTAS ";" "
"420505";"MATERIA PRIMA ";" "
"420510";"MATERIAL DE DESECHO ";" "
"420515";"MATERIALES VARIOS ";" "
"420520";"PRODUCTOS DE DIVERSIFICACION ";" "
"420525";"EXCEDENTES DE EXPORTACION ";" "
"420530";"ENVASES Y EMPAQUES ";" "
"420535";"PRODUCTOS AGRICOLAS ";" "
"420540";"DE PROPAGANDA ";" "
"420545";"PRODUCTOS EN REMATE ";" "
"420550";"COMBUSTIBLES Y LUBRICANTES ";" "
"4210";"FINANCIEROS ";" "
"421005";"INTERESES VARIOS";" "
"421010";"REAJUSTE MONETARIO - UVR";" "
"421015";"DESCUENTOS AMORTIZADOS ";" "
"421020";"DIFERENCIA EN CAMBIO ";" "
"421025";"FINANCIACION VEHICULOS ";" "
"421030";"FINANCIACION SISTEMAS DE VIAJES ";" "
"421035";"FINANCIACI";" "
"421040";"COMISIONES VARIAS";" "
"421045";"PACTO DE REAJUSTE";" "
"421050";"INTERESES CARTERA DE POR VENTA DE BIENES Y SERVICIOS";" "
"421098";"OTROS ";" "
"4215";"DIVIDENDOS Y PARTICIPACIONES ";" "
"421505";"DE SOCIEDADES ANONIMAS Y/O ASIMILADAS ";" "
"421510";"DE SOCIEDADES LIMITADAS Y/O ASIMILADAS ";" "
"421515";"DE ENTIDADES COOPERATIVAS";" "
"4220";"ARRENDAMIENTOS ";" "
"422005";"TERRENOS ";" "
"422010";"CONSTRUCCIONES Y EDIFICIOS ";" "
"422015";"MAQUINARIA Y EQUIPO ";" "
"422020";"MUEBLES Y EQUIPO DE OFICINA";" "
"422025";"EQUIPO DE COMPUTACION Y COMUNICACION ";" "
"422030";"EQUIPO MEDICO - CIENTIFICO ";" "
"422035";"EQUIPO DE HOTELES Y RESTAURANTES ";" "
"422040";"ENVASES Y EMPAQUES";" "
"422045";"VEHICULOS";" "
"422050";"ARTICULOS DE VIGILANCIA";" "
"422055";"ELEMENTOS DID";" "
"422060";"MAUSOLEOS";" "
"422065";"SEMOVIENTES";" "
"422070";"OTROS BIENES";" "
"4225";"COMISIONES ";" "
"422505";"SOBRE INVERSIONES ";" "
"422510";"DE CONCESIONARIOS ";" "
"422515";"DE ACTIVIDADES FINANCIERAS ";" "
"422520";"POR VENTA DE SERVICIOS DE TALLER ";" "
"422525";"POR VENTA DE SEGUROS ";" "
"422530";"POR INGRESOS PARA TERCEROS ";" "
"422535";"POR DISTRIBUCION DE PELICULAS ";" "
"422540";"DERECHOS DE AUTOR ";" "
"422545";"DERECHOS DE PROGRAMACION ";" "
"4230";"HONORARIOS ";" "
"423005";"ASESORIAS ";" "
"423010";"ASISTENCIA TECNICA ";" "
"423015";"ADMINISTRACION DE VINCULADAS ";" "
"4235";"SERVICIOS ";" "
"423505";"DE BASCULA ";" "
"423510";"DE TRANSPORTE ";" "
"423515";"DE PRENSA ";" "
"423520";"ADMINISTRATIVOS ";" "
"423525";"TECNICOS ";" "
"423530";"DE COMPUTACION ";" "
"423535";"DE TELEFAX ";" "
"423540";"TALLER DE VEHICULOS ";" "
"423545";"DE RECEPCION DE AERONAVES ";" "
"423550";"DE TRANSPORTE PROGRAMA GAS NATURAL ";" "
"423555";"POR CONTRATOS ";" "
"423560";"DE TRILLLA ";" "
"423565";"DE MANTENIMIENTO ";" "
"423570";"AL PERSONAL ";" "
"423575";"DE CASINO ";" "
"423580";"FLETES ";" "
"423585";"ENTRE COMPA";" "
"423595";"OTROS ";" "
"4240";"UTILIDAD EN VENTA DE INVERSIONES ";" "
"424010";"FONDO DE LIQUIDEZ";" "
"424019";"UTILIDAD EN VENTA TITULOS NEGOCIABLES DE DEUDA";" "
"424021";"UTILIDAD EN VENTA TITULOS NEGOCIABLES DE PARTICIPACI";" "
"424022";"UTILIDAD EN VENTA TITULOS PARA MANTENER HASTA EL VENCIMIENTO";" "
"424023";"UTILIDAD EN VENTA DE INVERSIONES DISPONIBLE PARA LA VENTA EN TITULOS DE DEUDA";" "
"424024";"UTILIDAD EN VENTA DE INVERSIONES DISPONIBLE PARA LA VENTA EN TITULOS DE PARTICIPACI";" "
"424095";"OTRAS ";" "
"4245";"UTILIDAD EN VENTA DE PROPIEDADES PLANTA Y EQUIPO ";" "
"424504";"TERRENOS ";" "
"424508";"CONSTRUCCIONES O MONTAJES EN CURSO";" "
"424516";"CONSTRUCCIONES Y EDIFICACIONES ";" "
"424524";"MUEBLES Y EQUIPO DE OFICINA";" "
"424528";"EQUIPO DE COMPUTACION Y COMUNICACION ";" "
"424532";"VEHICULOS";" "
"424536";"ARMAMENTO DE VIGILANCIA";" "
"424540";"PLANTACIONES AGR";" "
"424545";"MAQUINARIA Y EQUIPO";" "
"424548";"PROPIEDADES EN TRANSITO";" "
"424552";"SEMOVIENTES";" "
"424556";"MAUSOLEOS";" "
"424558";"ENVASES Y EMPAQUES";" "
"424560";"ELEMENTOS DIDACTICOS";" "
"424564";"RECURSOS NATURALES";" "
"424565";"EQUIPO MEDICOS - CIENTIFICOS";" "
"4248";"UTILIDAD EN VENTA DE OTROS BIENES ";" "
"424805";"INTANGIBLES ";" "
"424810";"BIENES RECIBIDOS EN PAGO";" "
"424815";"OTROS ACTIVOS";" "
"4250";"RECUPERACIONES ";" "
"425005";"DEUDAS CASTIGADAS";" "
"425010";"SEGUROS ";" "
"425015";"RECLAMOS ";" "
"425020";"REINTEGRO POR PERSONAL EN COMISION ";" "
"425025";"REINTEGRO GARANTIAS ";" "
"425030";"DESCUENTOS CONCEDIDOS ";" "
"425035";"REINTEGRO PROVISIONES DE INVERSIONES";" "
"425036";"REINTEGRO PROVISIONES DE CARTERA";" "
"425037";"REINTEGRO PROVISIONES DE CUENTAS POR COBRAR";" "
"425038";"REINTEGRO PROVISIONES DE BIENES RECIBIDOS EN PAGO";" "
"425040";"GASTOS BANCARIOS ";" "
"425045";"REINTEGRO DE DEPRECIACION";" "
"425050";"REINTEGRO DE OTROS COSTOS Y GASTOS ";" "
"425055";"REINTEGRO PROVISIONES DE CAPITAL GARANTIA";" "
"4255";"INDEMNIZACIONES ";" "
"425505";"POR SINIESTRO ";" "
"425510";"POR SUMINISTROS ";" "
"425515";"LUCRO CESANTE COMPA";" "
"425520";"DA";" "
"425525";"POR PERDIDA DE MERCANCIA ";" "
"425530";"POR INCUMPLIMIENTO DE CONTRATOS ";" "
"425535";"DE TERCEROS ";" "
"425540";"POR INCAPACIDADES";" "
"425595";"OTRAS ";" "
"4260";"PARTICIPACIONES EN CONCESIONES ";" "
"4275";"DEVOLUCIONES, REBAJAS Y DESCUENTOS EN OTRAS VENTAS (DB) ";" "
"4295";"DIVERSOS ";" "
"429503";"CERT ";" "
"429505";"APROVECHAMIENTOS ";" "
"429507";"AUXILIOS ";" "
"429509";"DONACIONES O SUBVENCIONES";" "
"429511";"INGRESOS POR INVESTIGACION Y DESARROLLO ";" "
"429513";"POR TRABAJOS EJECUTADOS ";" "
"429515";"REGALIAS ";" "
"429517";"DERIVADOS DE LAS EXPORTACIONES ";" "
"429519";"OTROS INGRESOS DE EXPLOTACION ";" "
"429521";"DE LA ACTIVIDAD GANADERA ";" "
"429525";"DERECHOS Y LICITACIONES ";" "
"429530";"INGRESOS POR ELEMENTOS PERDIDOS ";" "
"429533";"MULTAS Y RECARGOS ";" "
"429535";"PREAVISOS DESCONTADOS ";" "
"429537";"RECLAMOS ";" "
"429540";"RECOBRO DE DA";" "
"429543";"PREMIOS ";" "
"429545";"BONIFICACIONES ";" "
"429547";"PRODUCTOS DESCONTADOS ";" "
"429549";"RECONOCIMIENTOS EPS.";" "
"429551";"EXCEDENTES ";" "
"429553";"SOBRANTES DE CAJA MENOR ";" "
"429555";"SOBRANTES EN LIQUIDACION FLETES ";" "
"429557";"SUBSIDIOS ESTATALES ";" "
"429559";"CAPACITACION DISTRIBUIDORES ";" "
"429561";"DE ESCRITURACION ";" "
"429563";"REGISTRO PROMESAS DE VENTA ";" "
"429567";"UTILES, PAPELERIA Y FOTOCOPIAS ";" "
"429571";"RESULTADOS MATRICULAS Y TRASPASOS ";" "
"429573";"DECORACIONES ";" "
"429575";"MANEJO DE CARGA ";" "
"429579";"HISTORIA CLINICA ";" "
"429581";"AJUSTE AL PESO ";" "
"429583";"LLAMADAS TELEFONICAS ";" "
"43";"INGRESOS DE EJERCICIOS ANTERIORES";" "
"4305";"INGRESOS DE EJERCICIOS ANTERIORES";" "
"430505";"INGRESOS DE EJERCICIOS ANTERIORES";" "
"47";"AJUSTES POR INFLACION ";" "
"4705";"CORRECCION MONETARIA ";" "
"470515";"PROPIEDADES, PLANTA Y EQUIPO (CR) ";" "
"470545";"DEPRECIACION ACUMULADA (DB) ";" "
"51";"GASTOS DE ADMINISTRACION";" "
"5105";"GASTOS DE PERSONAL ";" "
"510503";"SALARIO INTEGRAL ";" "
"510505";"COMPENSACION ORDINARIA INTEGRAL";" "
"510506";"SUELDOS ";" "
"510512";"JORNALES ";" "
"510513";"COMPENSACION ORDINARIA";" "
"510515";"HORAS EXTRAS Y RECARGOS ";" "
"510516";"TIEMPO SUPLEMENTARIO";" "
"510518";"COMISIONES ";" "
"510520";"COMPENSACION VARIABLE";" "
"510521";"VIATICOS ";" "
"510524";"INCAPACIDADES ";" "
"510527";"AUXILIO DE TRANSPORTE ";" "
"510528";"AYUDA PARA EL TRANSPORTE";" "
"510530";"CESANTIAS ";" "
"510532";"COMPENSACION ANUAL DIFERIDA";" "
"510533";"INTERESES SOBRE CESANTIAS ";" "
"510534";"INTERESES COMPENSACION ANUAL DIFERIDA";" "
"510536";"PRIMA DE SERVICIOS ";" "
"510537";"COMPENSACION SEMESTRAL";" "
"510539";"VACACIONES ";" "
"510540";"DESCANSO ANUAL COMPENSADO";" "
"510542";"PRIMAS EXTRALEGALES ";" "
"510545";"AUXILIOS ";" "
"510548";"BONIFICACIONES ";" "
"510550";"COMPENSACION EXTRAORDINARIA";" "
"510551";"DOTACION Y SUMINISTRO A TRABAJADORES ";" "
"510554";"SEGUROS ";" "
"510557";"CUOTAS PARTES PENSIONES DE JUBILACION ";" "
"510558";"AMORTIZACION CALCULO ACTUARIAL PENSIONES DE JUBILACION ";" "
"510559";"PENSIONES DE JUBILACION ";" "
"510560";"INDEMNIZACIONES LABORALES ";" "
"510563";"CAPACITACION AL PERSONAL ";" "
"510566";"GASTOS DEPORTIVOS Y DE RECREACION ";" "
"510569";"APORTES EPS - SALUD";" "
"510570";"APORTES AFP - PENSION";" "
"510571";"APORTES ARP - RIESGOS PROFESIONALES";" "
"510572";"APORTES CAJAS DE COMPENSACION FAMILIAR ";" "
"510575";"APORTES I.C.B.F. ";" "
"510578";"APORTES SENA";" "
"510581";"APORTES SINDICALES ";" "
"510584";"GASTOS MEDICOS Y DROGAS ";" "
"510595";"OTROS ";" "
"5110";"GASTOS GENERALES";" "
"511001";"HONORARIOS";" "
"51100101";"HONORARIOS JUNTA DIRECTIVA";" "
"51100102";"HONORARIOS REVISOR";" "
"51100103";"HONORARIOS AUDITORIA EXTERNA";" "
"51100104";"HONORARIOS AVALUOS";" "
"51100105";"HONORARIOS ASESORIA JURIDICA";" "
"51100106";"HONORARIOS ASESORIA FINANCIERA";" "
"51100107";"HONORARIOS ASESORIA TECNICA";" "
"51100190";"OTROS HONORARIOS";" "
"511002";"IMPUESTOS ";" "
"51100201";"IMP. DE INDUSTRIA Y COMERCIO";" "
"51100202";"IMP. DE TIMBRE";" "
"51100203";"IMP. A LA PROPIEDAD RAIZ";" "
"51100204";"IMP. DERECHOS SOBRE INSTRUMENTOS PUBLICOS";" "
"51100205";"IMP. DE VALORIZACION";" "
"51100206";"IMP. DE TURISMO";" "
"51100207";"IMP. POR TASA POR UTILIZACION DE PUERTOS";" "
"51100208";"IMP. DE VEHICULOS";" "
"51100209";"IMP. DE ESPECTACULOS PUBLICOS";" "
"51100210";"IMP. CUOTAS DE FOMENTO";" "
"51100270";"IMP. IVA DESCONTABLE";" "
"51100290";"OTROS IMPUESTOS";" "
"511004";"ARRENDAMIENTOS ";" "
"51100401";"ARRENDAM. DE TERRENOS";" "
"51100402";"ARRENDAM. DE CONSTRUCCIONES Y EDIFICACIONES";" "
"51100403";"ARRENDAM. DE MAQUINARIA Y EQUIPO";" "
"51100404";"ARRENDAM. DE EQUIPO DE OFICINA";" "
"51100405";"ARRENDAM. DE EQUIPO DE COMPUTACION Y COMUNICACION";" "
"51100406";"ARRENDAM. DE EQUIPO MEDICO - CIENTIFICO";" "
"51100407";"ARRENDAM. DE EQUIPO DE HOTELES Y RESTAURANTES";" "
"51100408";"ARRENDAM. DE FLOTA Y EQUIPO DE TRANSPORTE";" "
"51100409";"ARRENDAM. DE FLOTA Y EQUIPO FLUVIAL Y/O MARITIMO";" "
"51100410";"ARRENDAM. DE FLOTA Y EQUIPO AEREO";" "
"51100411";"ARRENDAM. DE FLOTA Y EQUIPO FERREO";" "
"51100412";"ARRENDAM. DE ACUEDUCTOS PLANTAS Y REDES";" "
"51100413";"ARRENDAM. DE AERODROMOS";" "
"51100414";"ARRENDAM. DE SEMOVIENTES";" "
"51100490";"OTROS ARRENDAMIENTOS";" "
"511006";"ADMINISTRACION DE BIENES";" "
"51100601";"ADMINISTRACION DE BIENES";" "
"511008";"SEGUROS ";" "
"51100801";"SEGUROS MANEJO";" "
"51100802";"SEGUROS CUMPLIMIENTO";" "
"51100803";"SEGUROS CORRIENTE DEBIL";" "
"51100804";"SEGUROS VIDA COLECTIVA";" "
"51100805";"SEGUROS INCENDIO";" "
"51100806";"SEGUROS TERREMOTO";" "
"51100807";"SEGUROS SUSTRACCION Y HURTO";" "
"51100808";"SEGUROS FLOTA Y EQUIPO DE TRANSPORTE";" "
"51100809";"SEGUROS FLOTA Y EQUIPO FLUVIAL Y/O MARITIMO";" "
"51100810";"SEGUROS FLOTA Y EQUIPO AEREO";" "
"51100811";"SEGUROS FLOTA Y EQUIPO FERREO";" "
"51100812";"SEGUROS RESPONSABILIDAD CIVIL Y EXTRACONTRACTUAL";" "
"51100813";"SEGUROS VUELO";" "
"51100814";"SEGUROS ROTURA DE MAQUINARIA";" "
"51100815";"SEGUROS OBLIGATORIO ACCIDENTE DE TRANSITO";" "
"51100816";"SEGUROS LUCRO CESANTE";" "
"51100817";"SEGUROS TRANSPORTE DE MERCANC";" "
"51100890";"OTROS SEGUROS";" "
"511010";"MANTENIMIENTO Y REPARACIONES ";" "
"51101001";"MANTENIM. TERRENOS";" "
"51101002";"MANTENIM. CONSTRUCCIONES Y EDIFICACIONES";" "
"51101003";"MANTENIM. MAQUINARIA Y EQUIPO";" "
"51101004";"MANTENIM. MUEBLES Y EQUIPO DE OFICINA";" "
"51101005";"MANTENIM. EQUIPO DE COMPUTACION Y COMUNICACION";" "
"51101006";"MANTENIM. EQUIPO MEDICO-CIENTIFICO";" "
"51101007";"MANTENIM. EQUIPO DE HOTELES Y RESTAURANTES";" "
"51101008";"MANTENIM. FLOTA Y EQUIPO DE TRANSPORTE";" "
"51101009";"MANTENIM. FLOTA Y EQUIPO FLUVIAL Y/O MARITIMO";" "
"51101010";"MANTENIM. FLOTA Y EQUIPO AEREO";" "
"51101011";"MANTENIM. FLOTA Y EQUIPO FERREO";" "
"51101012";"MANTENIM. ACUEDUCTOS PLANTAS Y REDES";" "
"51101013";"MANTENIM. ARMAMENTO DE VIGILANCIA";" "
"51101014";"MANTENIM. VIAS DE COMUNICACION";" "
"511012";"MEJORAS A BIENES AJENOS";" "
"51101201";"MEJORAS A BIENES AJENOS";" "
"511014";"CUOTAS DE ADMINISTRACION";" "
"51101401";"CUOTAS DE ADMINISTRACION";" "
"511016";"REPARACIONES LOCATIVAS";" "
"51101601";"REPARACIONES LOCATIVAS ";" "
"511018";"ASEO Y ELEMENTOS";" "
"51101801";"SERVICIOS DE ASEO";" "
"51101802";"ELEMENTOS DE ASEO";" "
"511020";"CAFETERIA";" "
"51102001";"CAFETERIA";" "
"511022";"SERVICIOS PUBLICOS";" "
"51102201";"ACUEDUCTO Y ALCANTARILLADO ";" "
"51102202";"ENERGIA ELECTRICA ";" "
"51102203";"TELEFONO GRAVADO";" "
"51102204";"TELEFONO NO GRAVADO";" "
"51102205";"GAS ";" "
"511024";"PORTES, CABLES, FAX Y TELEX";" "
"51102401";"CORREO, PORTES Y TELEGRAMAS ";" "
"51102402";"FAX Y TELEX ";" "
"511026";"TRANSPORTE, FLETES Y ACARREOS";" "
"51102601";"TRANSPORTE, FLETES Y ACARREOS ";" "
"511028";"PAPELERIA Y UTILES DE OFICINA";" "
"51102801";"PAPELERIA Y UTILES DE OFICINA";" "
"511030";"FOTOCOPIAS";" "
"51103001";"FOTOCOPIAS";" "
"511032";"SUMINISTROS";" "
"51103201";"SUMINISTROS";" "
"511034";"PUBLICIDAD Y PROPAGANDA";" "
"51103401";"PUBLICIDAD Y PROPAGANDA";" "
"511036";"CONTRIBUCIONES Y AFILIACIONES ";" "
"51103601";"CONTRIBUCIONES ";" "
"51103602";"AFILIACIONES Y SOSTENIMIENTO ";" "
"511038";"GASTOS DE ASAMBLEA";" "
"51103801";"GASTOS DE ASAMBLEA";" "
"511040";"GASTOS DE DIRECTIVOS";" "
"51104001";"GASTOS DE DIRECTIVOS";" "
"511042";"GASTOS DE COMITES";" "
"51104201";"GASTOS DE COMITES";" "
"511044";"REUNIONES Y CONFERENCIAS";" "
"51104401";"REUNIONES Y CONFERENCIAS";" "
"511046";"GASTOS LEGALES ";" "
"51104601";"NOTARIALES ";" "
"51104602";"REGISTRO MERCANTIL ";" "
"51104603";"TRAMITES Y LICENCIAS ";" "
"51104604";"ADUANEROS ";" "
"51104605";"CONSULARES ";" "
"51104606";"OTROS GASTOS LEGALES";" "
"511048";"INFORMACION COMERCIAL";" "
"51104801";"INFORMACION COMERCIAL";" "
"511050";"GASTOS DE REPRESENTACION";" "
"51105001";"GASTOS DE REPRESENTACION Y RELACIONES PUBLICAS ";" "
"511052";"GASTOS DE VIAJE ";" "
"51105201";"ALOJAMIENTO Y MANUTENCION ";" "
"51105202";"PASAJES FLUVIALES Y/O MARITIMOS ";" "
"51105203";"PASAJES AEREOS ";" "
"51105204";"PASAJES TERRESTRES ";" "
"51105205";"PASAJES FERREOS ";" "
"51105290";"OTROS GASTOS DE VIAJE";" "
"511054";"SERVICIOS TEMPORALES";" "
"51105401";"SERVICIOS TEMPORALES";" "
"511056";"VIGILANCIA PRIVADA";" "
"51105601";"VIGILANCIA PRIVADA";" "
"511058";"SISTEMATIZACION";" "
"51105801";"SISTEMATIZACION";" "
"511060";"CUOTAS DE SOSTENIMIENTO";" "
"51106001";"CUOTAS DE SOSTENIMIENTO";" "
"511062";"SUSCRIPCIONES";" "
"51106201";"SUSCRIPCIONES, LIBROS, PERIODICOS Y REVISTAS";" "
"511064";"AUXILIOS Y DONACIONES";" "
"51106401";"AUXILIOS Y DONACIONES";" "
"511066";"ADECUACION E INSTALACION ";" "
"51106601";"ADECUAC. DE INSTALACIONES ELECTRICAS";" "
"51106602";"ADECUAC. Y ARREGLOS ORNAMENTALES";" "
"51106690";"OTRAS ADECUACIONES E INSTALACIONES";" "
"511068";"ASISTENCIA TECNICA";" "
"51106801";"ASISTENCIA TECNICA ";" "
"511070";"GASTOS FONDO DE EDUCACI";" "
"51107001";"GASTOS FONDO DE EDUCACI";" "
"511072";"GASTOS FONDOS SOLIDARIDAD";" "
"51107201";"GASTOS FONDOS SOLIDARIDAD";" "
"511075";"GASTOS FONDOS RESERVA T";" "
"51107501";"GASTOS FONDOS RESERVA T";" "
"511078";"GASTOS FONDO BIENESTAR SOCIAL";" "
"51107801";"GASTOS FONDO BIENESTAR SOCIAL";" "
"511080";"GASTOS OTROS FONDOS";" "
"51108001";"GASTOS OTROS FONDOS";" "
"511095";"GASTOS VARIOS";" "
"51109501";"PROCESAMIENTO ELECTRONICO DE DATOS ";" "
"51109502";"COMISIONES ";" "
"51109503";"CASINO Y RESTAURANTE ";" "
"51109504";"MUSICA AMBIENTAL ";" "
"51109505";"COMBUSTIBLES Y LUBRICANTES ";" "
"51109506";"ENVASES Y EMPAQUES ";" "
"51109507";"TAXIS Y BUSES ";" "
"51109508";"ESTAMPILLAS ";" "
"51109509";"MICROFILMACION ";" "
"51109510";"PARQUEADEROS ";" "
"51109511";"INDEMNIZACION POR DA";" "
"51109512";"POLVORA Y SIMILARES ";" "
"51109590";"OTROS GASTOS VARIOS";" "
"5115";"PROVISIONES ";" "
"511501";"PROV. INVERSIONES TITULOS NEGOCIABLES DE DEUDA";" "
"511502";"PROV. INVERSIONES TITULOS NEGOCIABLES DE PARTICIPACI";" "
"511503";"PROV. INVERSIONES TITULOS PARA MANTENER HASTA EL VENCIMIENTO";" "
"511504";"PROV. INVERSIONES DISPONIBLE PARA LA VENTA EN TITULOS DE DEUDA";" "
"511505";"PROV. INVERSIONES DISPONIBLE PARA LA VENTA EN TITULOS DE PARTICIPACI";" "
"511510";"PROV. CREDITOS COMERCIALES";" "
"511515";"PROV. CREDITOS CONSUMO";" "
"511520";"PROV. CREDITOS VIVIENDA";" "
"511522";"PROV. MICROCREDITOS INMOBILIARIO";" "
"511523";"PROV. MICROCREDITOS EMPRESARIAL";" "
"511524";"PROV. PROVISION GENERAL DE CARTERA";" "
"511525";"PROV. DEUDORES POR VENTA DE BIENES";" "
"511528";"PROV. DEUDORES POR PRESTACION DE SERVICIOS";" "
"511530";"PROV. CUENTAS POR COBRAR";" "
"511535";"PROV. INVENTARIOS";" "
"511540";"PROV. BIENES RECIBIDOS EN PAGO";" "
"511545";"PROV. PROPIEDADES PLANTA Y EQUIPO";" "
"511550";"PROV. PARA PROTECCI";" "
"511555";"PROV. FONDO DE LIQUIDEZ";" "
"511560";"PROV. OTROS ACTIVOS";" "
"511565";"OTRAS PROVISIONES";" "
"5120";"AMORTIZACIONES Y AGOTAMIENTO";" "
"512005";"AMORTIZAC. INTANGIBLES";" "
"512010";"AMORTIZAC. CARGOS DIFERIDOS";" "
"512015";"AMORTIZAC. PLANTACIONES AGR";" "
"512020";"AMORTIZAC. SEMOVIENTES";" "
"512025";"AMORTIZAC. RECURSOS NATURALES";" "
"512085";"AMORTIZAC. VIAS DE COMUNICACION";" "
"512095";"OTRAS AMORTIZACIONES";" "
"5125";"DEPRECIACIONES ";" "
"512515";"DEPREC. CONSTRUCCIONES Y EDIFICACIONES";" "
"512520";"DEPREC. MUEBLES Y EQUIPO DE OFICINA";" "
"512522";"DEPREC. EQUIPO MEDICO - CIENTIFICO";" "
"512525";"DEPREC. EQUIPO DE COMPUTACION Y COMUNICACION";" "
"512528";"DEPREC. EQUIPO DE HOTELES Y RESTAURANTES";" "
"512530";"DEPREC. VEHICULOS";" "
"512532";"DEPREC. ENVASES Y EMPAQUES";" "
"512535";"DEPREC. ARMAMENTO DE VIGILANCIA";" "
"512540";"DEPREC. PLANTACIONES AGR";" "
"512545";"DEPREC. MAQUINARIA Y EQUIPO";" "
"512550";"DEPREC. MAUSOLEOS";" "
"512555";"DEPREC. ELEMENTOS DID";" "
"512560";"DEPREC. BIENES DE FONDOS SOCIALES";" "
"512570";"DEPREC. ACUEDUCTOS, PLANTAS Y REDES";" "
"512575";"DEPREC. FLOTA Y EQUIPO FERREO";" "
"512580";"DEPREC. FLOTA Y EQUIPO DE MARITIMO Y FLUVIAL";" "
"512585";"DEPREC. FLOTA Y EQUIPO AEREO";" "
"5140";"GASTOS FINANCIEROS";" "
"514005";"GASTOS BANCARIOS ";" "
"514010";"REAJUSTE MONETARIO - UVR";" "
"514015";"COMISIONES ";" "
"51401501";"COMISIONES BANCARIAS";" "
"51401502";"COMISIONES TARJETAS DE CREDITO";" "
"514020";"INTERESES ";" "
"514025";"DIFERENCIA EN CAMBIO ";" "
"514030";"GASTOS EN NEGOCIACION CERTIFICADOS DE CAMBIO ";" "
"514035";"DESCUENTOS COMERCIALES CONDICIONADOS ";" "
"514040";"GASTOS MANEJO Y EMISION DE BONOS ";" "
"514045";"PRIMA AMORTIZADA ";" "
"514050";"PERDIDA EN VENTA DE INVERSIONES";" "
"514051";"P";" "
"514052";"PERDIDA EN VENTA TITULOS NEGOCIABLES DE PARTICIPACI";" "
"514053";"P";" "
"514054";"PERDIDA EN VENTA EN INVERSIONES DISPONIBLE PARA LA VENTA EN TITULOS DE DEUDA";" "
"514055";"PERDIDA EN VENTA EN INVERSIONES DISPONIBLE PARA LA VENTA EN TITULOS DE PARTICIPACI";" "
"514095";"OTROS GASTOS FINANCIEROS";" "
"5141";"PERDIDA EN VALORACION INVERSIONES NEGOCIABLES";" "
"514105";"EN TITULOS DE DEUDA";" "
"514110";"EN TITULOS PARTICIPATIVOS";" "
"5142";"PERDIDA EN VALORACION DE INVERSIONES DISPONIBLES PARA LA VENTA";" "
"514205";"EN TITULOS DE DEUDA";" "
"514210";"EN TITULOS PARTICIPATIVOS";" "
"5143";"PERDIDA EN VALORACION DE INVERSIONES PARA MANTENER HASTA EL VENCIMIENTO";" "
"514305";"EN TITULOS DE DEUDA";" "
"514310";"EN TITULOS PARTICIPATIVOS";" "
"52";"OPERACIONALES DE VENTAS ";" "
"5205";"GASTOS DE PERSONAL ";" "
"520503";"SALARIO INTEGRAL";" "
"520505";"COMPENSACION ORDINARIA INTEGRAL";" "
"520506";"SUELDOS";" "
"520512";"JORNALES ";" "
"520513";"COMPENSACION ORDINARIA";" "
"520515";"HORAS EXTRAS Y RECARGOS";" "
"520516";"TIEMPO SUPLEMENTARIO";" "
"520518";"COMISIONES";" "
"520520";"COMPENSACION VARIABLE";" "
"520521";"VIATICOS ";" "
"520524";"INCAPACIDADES ";" "
"520527";"AUXILIO DE TRANSPORTE";" "
"520528";"AYUDA PARA EL TRANSPORTE";" "
"520530";"CESANTIAS";" "
"520532";"COMPENSACION ANUAL DIFERIDA";" "
"520533";"INTERESES SOBRE CESANTIAS ";" "
"520535";"INTERESES SOBRE COMPENSACION ANUAL DIFERIDA";" "
"520536";"PRIMA DE SERVICIOS";" "
"520537";"COMPENSACION SEMESTRAL";" "
"520539";"VACACIONES";" "
"520540";"DESCANSO ANUAL COMPENSADO";" "
"520542";"PRIMAS EXTRALEGALES ";" "
"520545";"AUXILIOS ";" "
"520548";"BONIFICACIONES";" "
"520550";"COMPENSACION EXTRAORDINARIA";" "
"520551";"DOTACION Y SUMINISTRO A TRABAJADORES ";" "
"520554";"SEGUROS ";" "
"520557";"CUOTAS PARTES PENSIONES DE JUBILACION ";" "
"520558";"AMORTIZACION CALCULO ACTUARIAL PENSIONES DE JUBILACION ";" "
"520559";"PENSIONES DE JUBILACION ";" "
"520560";"INDEMNIZACIONES LABORALES ";" "
"520563";"CAPACITACION AL PERSONAL ";" "
"520566";"GASTOS DEPORTIVOS Y DE RECREACION ";" "
"520568";"APORTES A ADMINISTRADORAS DE RIESGOS PROFESIONALES A.R.P.";" "
"520569";"APORTES EPS - SALUD";" "
"520570";"APORTES AFP - PENSIONES";" "
"520571";"APORTES A.R.P.";" "
"520572";"APORTES CAJAS DE COMPENSACION FAMILIAR ";" "
"520575";"APORTES I.C.B.F. ";" "
"520578";"SENA ";" "
"520581";"APORTES SINDICALES ";" "
"520584";"GASTOS MEDICOS Y DROGAS ";" "
"520595";"OTROS ";" "
"5210";"HONORARIOS ";" "
"521005";"HONORARIOS JUNTA DIRECTIVA";" "
"521010";"HONORARIOS REVISORIA FISCAL";" "
"521015";"HONORARIOS AUDITORIA EXTERNA";" "
"521020";"HONORARIOS AVALUOS";" "
"521025";"HONORARIOS ASESORIA JURIDICA";" "
"521030";"HONORARIOS ASESORIA FINANCIERA";" "
"521035";"HONORARIOS ASESORIA TECNICA";" "
"521095";"OTROS HONORARIOS";" "
"5215";"IMPUESTOS ";" "
"521505";"IMP. INDUSTRIA Y COMERCIO";" "
"521510";"IMP. DE TIMBRES";" "
"521515";"IMP. A LA PROPIEDAD RAIZ";" "
"521520";"IMP. DERECHOS SOBRE INSTRUMENTOS PUBLICOS";" "
"521525";"IMP. DE VALORIZACION";" "
"521530";"IMP. DE TURISMO";" "
"521535";"IMP. TASA POR UTILIZACION DE PUERTOS";" "
"521540";"IMP. DE VEHICULOS";" "
"521545";"IMP. DE ESPECTACULOS PUBLICOS";" "
"521550";"IMP. CUOTAS DE FOMENTO";" "
"521555";"IMP. LICORES";" "
"521560";"IMP. CERVEZAS";" "
"521565";"IMP. CIGARRILLOS";" "
"521570";"IMP. IVA DESCONTABLE";" "
"521575";"IMP. 3 x 1000";" "
"521595";"OTROS IMPUESTOS";" "
"5220";"ARRENDAMIENTOS ";" "
"522005";"ARRENDAM. TERRENOS";" "
"522010";"ARRENDAM. CONSTRUCCIONES Y EDIFICACIONES";" "
"522015";"ARRENDAM. MAQUINARIA Y EQUIPO";" "
"522020";"ARRENDAM. MUEBLES Y EQUIPO DE OFICINA";" "
"522025";"ARRENDAM. EQUIPO DE COMPUTACION Y COMUNICACION";" "
"522030";"ARRENDAM. ELEMENTOS DIDACTICOS";" "
"522035";"ARRENDAM. EQUIPO DE HOTELES Y RESTAURANTES";" "
"522040";"ARRENDAM. MAUSOLEOS";" "
"522045";"ARRENDAM. VEHICULOS";" "
"522050";"ARRENDAM. EQUIPO MEDICO - CIENTIFICO";" "
"522060";"ARRENDAM. ENVASES Y EMPAQUES";" "
"522065";"ARRENDAM. SEMOVIENTES";" "
"522070";"ARRENDAM. ARMAMENTO DE VIGILANCIA";" "
"522075";"ARRENDAM. BIENES DE FONDOS SOCIALES";" "
"522095";"OTROS ARRENDAMIENTOS";" "
"5225";"CONTRIBUCIONES Y AFILIACIONES ";" "
"522505";"CONTRIBUCIONES ";" "
"522510";"AFILIACIONES Y SOSTENIMIENTO ";" "
"5230";"SEGUROS ";" "
"523005";"SEGUROS MANEJO";" "
"523010";"SEGUROS CUMPLIMIENTO";" "
"523015";"SEGUROS CORRIENTE DEBIL";" "
"523020";"SEGUROS VIDA COLECTIVA";" "
"523025";"SEGUROS INCENDIO";" "
"523030";"SEGUROS TERREMOTO";" "
"523035";"SEGUROS SUSTRACCION Y HURTO";" "
"523040";"SEGUROS VEHICULOS - RODAMIENTOS";" "
"523045";"SEGUROS RESPONSABILIDAD CIVIL Y EXTRACONTRACTUAL";" "
"523050";"SEGUROS ROTURA DE MAQUINARIA";" "
"523055";"SEGUROS OBLIGATORIO ACCIDENTE DE TRANSITO";" "
"523060";"SEGUROS LUCRO CESANTE";" "
"523065";"SEGUROS TRANSPORTE DE MERCANCIA";" "
"523095";"OTROS SEGUROS";" "
"5235";"SERVICIOS ";" "
"523505";"ASEO Y VIGILANCIA";" "
"523510";"TEMPORALES";" "
"523515";"ASISTENCIA TECNICA";" "
"523520";"PROCESAMIENTO ELECTRONICO DE DATOS";" "
"523525";"ACUEDUCTO Y ALCANTARILLADO";" "
"523530";"ENERGIA ELECTRICA";" "
"523535";"TELEFONO";" "
"523540";"CORREO, PORTES Y TELEGRAMAS";" "
"523545";"FAX Y TELEX";" "
"523550";"TRANSPORTE, FLETES Y ACARREOS";" "
"523555";"GAS";" "
"523560";"PUBLICIDAD, PROPAGANDA Y PROMOCION";" "
"523595";"OTROS SERVICIOS";" "
"5240";"GASTOS LEGALES ";" "
"524005";"NOTARIALES ";" "
"524010";"REGISTRO MERCANTIL ";" "
"524015";"TRAMITES Y LICENCIAS ";" "
"524020";"ADUANEROS ";" "
"524025";"CONSULARES ";" "
"524095";"OTROS GASTOS LEGALES";" "
"5245";"MANTENIMIENTO Y REPARACIONES ";" "
"524505";"MANTENIM. TERRENOS";" "
"524510";"MANTENIM. CONSTRUCCIONES Y EDIFICACIONES";" "
"524515";"MANTENIM. MAQUINARIA Y EQUIPO";" "
"524520";"MANTENIM. MUEBLES Y EQUIPO DE OFICINA";" "
"524525";"MANTENIM. EQUIPO DE COMPUTACION Y COMUNICACION";" "
"524530";"MANTENIM. ELEMENTOS DIDACTICOS";" "
"524535";"MANTENIM. VEHICULOS";" "
"524540";"MANTENIM. MAUSOLEOS";" "
"524545";"MANTENIM. BIENES FONDOS SOCIALES";" "
"524550";"MANTENIM. ARMAMENTO DE VIGILANCIA";" "
"524555";"MANTENIM. VIAS DE COMUNICACI";" "
"5250";"ADECUACION E INSTALACION ";" "
"525005";"DE INSTALACIONES ELECTRICAS";" "
"525010";"DE ARREGLOS ORNAMENTALES";" "
"525015";"DE REPARACIONES LOCATIVAS";" "
"525095";"OTRAS ADECUACIONES E INSTALACIONES";" "
"5255";"GASTOS DE VIAJE ";" "
"525505";"ALOJAMIENTO Y MANUTENCION ";" "
"525510";"PASAJES FLUVIALES Y/O MARITIMOS ";" "
"525515";"PASAJES AEREOS ";" "
"525520";"PASAJES TERRESTRES ";" "
"525525";"PASAJES FERREOS ";" "
"525595";"OTROS GASTOS DE VIAJE";" "
"5260";"DEPRECIACIONES ";" "
"526005";"CONSTRUCCIONES Y EDIFICACIONES ";" "
"526010";"EQUIPO DE HOTELES Y RESTAURANTES";" "
"526015";"MUEBLES Y EQUIPO DE OFICINA";" "
"526020";"EQUIPO DE COMPUTACION Y COMUNICACION ";" "
"526025";"VEHICULOS";" "
"526030";"ENVASES Y EMPAQUES";" "
"526035";"EQUIPOS MEDICOS - CIENTIFICOS";" "
"526040";"ARMAMENTO DE VIGILANCIA";" "
"526045";"MAQUINARIA Y EQUIPO";" "
"526050";"MAUSOLEOS";" "
"526055";"ELEMENTOS DID";" "
"526060";"BIENES DE FONDOS SOCIALES";" "
"526065";"ELOMINAR";" "
"5265";"AMORTIZACIONES Y AGOTAMIENTO";" "
"526505";"RECURSOS NATURALES";" "
"526510";"SEMOVIENTES";" "
"526515";"INTANGIBLES";" "
"526520";"CARGOS DIFERIDOS";" "
"526595";"OTRAS DEPRECIACIONES";" "
"5295";"DIVERSOS ";" "
"529505";"COMISIONES ";" "
"529510";"LIBROS, SUSCRIPCIONES, PERIODICOS Y REVISTAS ";" "
"529515";"MUSICA AMBIENTAL ";" "
"529520";"GASTOS DE REPRESENTACION Y RELACIONES PUBLICAS ";" "
"529525";"ELEMENTOS DE ASEO Y CAFETERIA ";" "
"529530";"UTILES, PAPELERIA Y FOTOCOPIAS ";" "
"529535";"COMBUSTIBLES Y LUBRICANTES ";" "
"529540";"ENVASES Y EMPAQUES ";" "
"529545";"TAXIS Y BUSES ";" "
"529550";"ESTAMPILLAS ";" "
"529555";"MICROFILMACION ";" "
"529560";"CASINO Y RESTAURANTE ";" "
"529562";"GASTOS REUNIONES Y CONFERENCIAS";" "
"529565";"PARQUEADEROS ";" "
"529570";"INDEMNIZACION POR DA";" "
"529575";"POLVORA Y SIMILARES ";" "
"529595";"OTROS GASTOS DIVERSOS";" "
"5299";"PROVISIONES ";" "
"529905";"INVERSIONES ";" "
"529910";"INVENTARIOS";" "
"529915";"BIENES RECIBIDOS EN PAGO";" "
"529920";"CARTERA POR VENTA DE BIENES Y SERVICIOS";" "
"529925";"CUENTAS POR COBRAR";" "
"529930";"PROPIEDADES, PLANTA Y EQUIPO";" "
"529995";"OTROS ACTIVOS ";" "
"53";"NO OPERACIONALES ";" "
"5305";"GASTOS FINANCIEROS";" "
"530505";"GASTOS BANCARIOS";" "
"530510";"REAJUSTE MONETARIO - UVR";" "
"530515";"COMISIONES";" "
"530520";"INTERESES";" "
"530525";"DIFERENCIA EN CAMBIO";" "
"530530";"GASTOS EN NEGOCIACION CERTIFICADOS DE CAMBIO";" "
"530535";"DESCUENTOS COMERCIALES CONDICIONADOS";" "
"530540";"GASTOS MANEJO Y EMISION DE BONOS";" "
"530545";"PRIMA AMORTIZADA";" "
"530550";"IMPUESTO 3X1000";" "
"530595";"OTROS";" "
"5310";"PERDIDA EN VENTA Y RETIRO DE BIENES ";" "
"531005";"VENTA DE INVERSIONES";" "
"531010";"VENTA DE CARTERA ";" "
"531015";"VENTA DE PROPIEDADES PLANTA Y EQUIPO ";" "
"531020";"VENTA DE INTANGIBLES ";" "
"531025";"VENTA DE OTROS ACTIVOS ";" "
"531027";"RETIRO DE INVENTARIOS";" "
"531030";"RETIRO DE PROPIEDADES PLANTA Y EQUIPO ";" "
"531035";"RETIRO DE OTROS ACTIVOS ";" "
"531040";"PERDIDAS POR SINIESTROS ";" "
"531095";"OTRAS PERDIDAS EN VENTA Y RETIRO DE BIENES";" "
"5315";"GASTOS EXTRAORDINARIOS ";" "
"531505";"COSTAS Y PROCESOS JUDICIALES ";" "
"531510";"ACTIVIDADES CULTURALES Y CIVICAS ";" "
"531520";"IMPUESTOS ASUMIDOS ";" "
"531595";"OTRAS GASTOS EXTRAORDINARIOS";" "
"5395";"GASTOS DIVERSOS ";" "
"539505";"DEMANDAS LABORALES ";" "
"539510";"DEMANDAS POR INCUMPLIMIENTO DE CONTRATOS ";" "
"539515";"INDEMNIZACIONES ";" "
"539520";"MULTAS, SANCIONES Y LITIGIOS ";" "
"539525";"INTERESES MULTAS, SANCIONES Y LITIGIOS";" "
"539530";"DONACIONES";" "
"539535";"CONSTITUCION DE GARANTIAS";" "
"539540";"AMORTIZACION DE BIENES ENTREGADOS EN COMODATO";" "
"539545";"GASTOS DE DIRECTIVOS";" "
"539550";"REUNIONES Y CONFERENCIAS";" "
"539555";"ARRENDAMIENTOS Y ALQUILERES";" "
"539595";"OTROS GASTOS DIVERSOS";" "
"54";"GASTOS EJERCICIOS ANTERIORES";" "
"5405";"GASTOS EJERCICIOS ANTERIORES";" "
"540505";"GASTOS EJERCICIOS ANTERIORES";" "
"58";"IM PUESTO DE RENTA Y COMPLEMENTARIOS";" "
"5805";"IMPUESTO DE RENTA Y COMPLEMENTARIOS";" "
"580505";"IMPUESTO DE RENTA Y COMPLEMENTARIOS";" "
"59";"EXCEDENTES Y/O P";" "
"5905";"EXCEDENTES Y/O P";" "
"590505";"EXCEDENTES Y/O P";" "
"61";"COSTO DE VENTAS Y DE PRESTACION DE SERVICIOS ";" "
"6105";"AGRICULTURA, GANADERIA, CAZA Y SILVICULTURA ";" "
"610505";"CULTIVO DE CEREALES ";" "
"610510";"CULTIVOS DE HORTALIZAS, LEGUMBRES Y PLANTAS ORNAMENTALES ";" "
"610515";"CULTIVOS DE FRUTAS, NUECES Y PLANTAS AROMATICAS ";" "
"610520";"CULTIVO DE CAFE ";" "
"610525";"CULTIVO DE FLORES ";" "
"610530";"CULTIVO DE CA";" "
"610535";"CULTIVO DE ALGODON Y PLANTAS PARA MATERIAL TEXTIL ";" "
"610540";"CULTIVO DE BANANO ";" "
"610545";"OTROS CULTIVOS AGRICOLAS ";" "
"610550";"CRIA DE OVEJAS, CABRAS, ASNOS, MULAS Y BURDEGANOS ";" "
"610555";"CRIA DE GANADO CABALLAR Y VACUNO. ";" "
"610560";"PRODUCCION AVICOLA ";" "
"610565";"CRIA DE OTROS ANIMALES ";" "
"610570";"SERVICIOS AGRICOLAS Y GANADEROS ";" "
"610575";"ACTIVIDAD DE CAZA ";" "
"610580";"ACTIVIDAD DE SILVICULTURA ";" "
"610595";"ACTIVIDADES CONEXAS ";" "
"6110";"PESCA ";" "
"611005";"ACTIVIDAD DE PESCA ";" "
"611010";"EXPLOTACION DE CRIADEROS DE PECES ";" "
"611095";"ACTIVIDADES CONEXAS ";" "
"6115";"EXPLOTACION DE MINAS Y CANTERAS ";" "
"611505";"CARBON ";" "
"611510";"PETROLEO CRUDO ";" "
"611512";"GAS NATURAL ";" "
"611514";"SERVICIOS RELACIONADOS CON EXTRACCION DE PETROLEO Y GAS ";" "
"611515";"MINERALES DE HIERRO ";" "
"611520";"MINERALES METALIFEROS NO FERROSOS ";" "
"611525";"PIEDRA, ARENA Y ARCILLA ";" "
"611527";"PIEDRAS PRECIOSAS ";" "
"611528";"ORO ";" "
"611530";"OTRAS MINAS Y CANTERAS ";" "
"611532";"PRESTACION DE SERVICIOS SECTOR MINERO ";" "
"611595";"ACTIVIDADES CONEXAS ";" "
"6120";"INDUSTRIAS MANUFACTURERAS ";" "
"612001";"PRODUCCION Y PROCESAMIENTO DE CARNES Y PRODUCTOS CARNICOS ";" "
"612002";"PRODUCTOS DE PESCADO ";" "
"612003";"PRODUCTOS DE FRUTAS, LEGUMBRES Y HORTALIZAS ";" "
"612004";"ELABORACION DE ACEITES Y GRASAS ";" "
"612005";"ELABORACION DE PRODUCTOS LACTEOS ";" "
"612006";"ELABORACION DE PRODUCTOS DE MOLINERIA ";" "
"612007";"ELABORACION DE ALMIDONES Y DERIVADOS ";" "
"612008";"ELABORACION DE ALIMENTOS PARA ANIMALES ";" "
"612009";"ELABORACION DE PRODUCTOS PARA PANADERIA ";" "
"612010";"ELABORACION DE AZUCAR Y MELAZAS ";" "
"612011";"ELABORACION DE CACAO, CHOCOLATE Y CONFITERIA ";" "
"612012";"ELABORACION DE PASTAS Y PRODUCTOS FARINACEOS ";" "
"612013";"ELABORACION DE PRODUCTOS DE CAFE ";" "
"612014";"ELABORACION DE OTROS PRODUCTOS ALIMENTICIOS ";" "
"612015";"ELABORACION DE BEBIDAS ALCOHOLICAS Y ALCOHOL ETILICO ";" "
"612016";"ELABORACION DE VINOS ";" "
"612017";"ELABORACION DE BEBIDAS MALTEADAS Y DE MALTA ";" "
"612018";"ELABORACION DE BEBIDAS NO ALCOHOLICAS ";" "
"612019";"ELABORACION DE PRODUCTOS DE TABACO ";" "
"612020";"PREPARACION E HILATURA DE FIBRAS TEXTILES Y TEJEDURIA ";" "
"612021";"ACABADO DE PRODUCTOS TEXTILES ";" "
"612022";"ELABORACION DE ARTICULOS DE MATERIALES TEXTILES ";" "
"612023";"ELABORACION DE TAPICES Y ALFOMBRAS ";" "
"612024";"ELABORACION DE CUERDAS, CORDELES, BRAMANTES Y REDES ";" "
"612025";"ELABORACION DE OTROS PRODUCTOS TEXTILES ";" "
"612026";"ELABORACION DE TEJIDOS ";" "
"612027";"ELABORACION DE PRENDAS DE VESTIR ";" "
"612028";"PREPARACION, ADOBO Y TE";" "
"612029";"CURTIDO, ADOBO O PREPARACION DE CUERO ";" "
"612030";"ELABORACION DE MALETAS, BOLSOS Y SIMILARES ";" "
"612031";"ELABORACION DE CALZADO ";" "
"612032";"PRODUCCION DE MADERA, ARTICULOS DE MADERA Y CORCHO ";" "
"612033";"ELABORACION DE PASTA Y PRODUCTOS DE MADERA, PAPEL Y CARTON ";" "
"612034";"EDICIONES Y PUBLICACIONES ";" "
"612035";"IMPRESION ";" "
"612036";"SERVICIOS RELACIONADOS CON LA EDICION Y LA IMPRESION ";" "
"612037";"REPRODUCCION DE GRABACIONES ";" "
"612038";"ELABORACION DE PRODUCTOS DE HORNO DE COQUE ";" "
"612039";"ELABORACION DE PRODUCTOS DE LA REFINACION DE PETROLEO ";" "
"612040";"ELABORACION DE SUSTANCIAS QUIMICAS BASICAS ";" "
"612041";"ELABORACION DE ABONOS Y COMPUESTOS DE NITROGENO ";" "
"612042";"ELABORACION DE PLASTICO Y CAUCHO SINTETICO ";" "
"612043";"ELABORACION DE PRODUCTOS QUIMICOS DE USO AGROPECUARIO ";" "
"612044";"ELABORACION DE PINTURAS, TINTAS Y MASILLAS ";" "
"612045";"ELABORACION DE PRODUCTOS FARMACEUTICOS Y BOTANICOS ";" "
"612046";"ELABORACION DE JABONES, DETERGENTES Y PREPARADOS DE TOCADOR ";" "
"612047";"ELABORACION DE OTROS PRODUCTOS QUIMICOS ";" "
"612048";"ELABORACION DE FIBRAS ";" "
"612049";"ELABORACION DE OTROS PRODUCTOS DE CAUCHO ";" "
"612050";"ELABORACION DE PRODUCTOS DE PLASTICO ";" "
"612051";"ELABORACION DE VIDRIO Y PRODUCTOS DE VIDRIO ";" "
"612052";"ELABORACION DE PRODUCTOS DE CERAMICA, LOZA, PIEDRA, ARCILLA Y PORCELANA ";" "
"612053";"ELABORACION DE CEMENTO, CAL Y YESO ";" "
"612054";"ELABORACION DE ARTICULOS DE HORMIGON, CEMENTO Y YESO ";" "
"612055";"CORTE, TALLADO Y ACABADO DE LA PIEDRA ";" "
"612056";"ELABORACION DE OTROS PRODUCTOS MINERALES NO METALICOS ";" "
"612057";"INDUSTRIAS BASICAS Y FUNDICION DE HIERRO Y ACERO ";" "
"612058";"PRODUCTOS PRIMARIOS DE METALES PRECIOSOS Y DE METALES NO FERROSOS ";" "
"612059";"FUNDICION DE METALES NO FERROSOS ";" "
"612060";"FABRICACION DE PRODUCTOS METALICOS PARA USO ESTRUCTURAL ";" "
"612061";"FORJA, PRENSADO, ESTAMPADO, LAMINADO DE METAL Y ";" "
"612062";"REVESTIMIENTO DE METALES Y OBRAS DE INGENIERIA MECANICA ";" "
"612063";"FABRICACION DE ARTICULOS DE FERRETERIA ";" "
"612064";"ELABORACION DE OTROS PRODUCTOS DE METAL ";" "
"612065";"FABRICACION DE MAQUINARIA Y EQUIPO ";" "
"612066";"FABRICACION DE EQUIPOS DE ELEVACION Y MANIPULACION ";" "
"612067";"ELABORACION DE APARATOS DE USO DOMESTICO ";" "
"612068";"ELABORACION DE EQUIPO DE OFICINA ";" "
"612069";"ELABORACION DE PILAS Y BATERIAS PRIMARIAS ";" "
"612070";"ELABORACION DE EQUIPO DE ILUMINACION ";" "
"612071";"ELABORACION DE OTROS TIPOS DE EQUIPO ELECTRICO ";" "
"612072";"FABRICACION DE EQUIPOS DE RADIO, TELEVISION Y COMUNICACIONES ";" "
"612073";"FABRICACION DE APARATOS E INSTRUMENTOS MEDICOS ";" "
"612074";"FABRICACION DE INSTRUMENTOS DE MEDICION Y CONTROL ";" "
"612075";"FABRICACION DE INSTRUMENTOS DE OPTICA Y EQUIPO FOTOGRAFICO ";" "
"612076";"FABRICACION DE RELOJES ";" "
"612077";"FABRICACION DE VEHICULOS AUTOMOTORES ";" "
"612078";"FABRICACION DE CARROCERIAS PARA AUTOMOTORES ";" "
"612079";"FABRICACION DE PARTES PIEZAS Y ACCESORIOS PARA AUTOMOTORES ";" "
"612080";"FABRICACION Y REPARACION DE BUQUES Y OTRAS EMBARCACIONES ";" "
"612081";"FABRICACION DE LOCOMOTORAS Y MATERIAL RODANTE PARA FERROCARRILES ";" "
"612082";"FABRICACION DE AERONAVES ";" "
"612083";"FABRICACION DE MOTOCICLETAS ";" "
"612084";"FABRICACION DE BICICLETAS Y SILLAS DE RUEDAS ";" "
"612085";"FABRICACION DE OTROS TIPOS DE TRANSPORTE ";" "
"612086";"FABRICACION DE MUEBLES ";" "
"612087";"FABRICACION DE JOYAS Y ARTICULOS CONEXOS ";" "
"612088";"FABRICACION DE INSTRUMENTOS DE MUSICA ";" "
"612089";"FABRICACION DE ARTICULOS Y EQUIPO PARA DEPORTE ";" "
"612090";"FABRICACION DE JUEGOS Y JUGUETES ";" "
"612091";"RECICLAMIENTO DE DESPERDICIOS ";" "
"612095";"PRODUCTOS DE OTRAS INDUSTRIAS MANUFACTURERAS ";" "
"6125";"SUMINISTRO DE ELECTRICIDAD, GAS Y AGUA ";" "
"612505";"GENERACION, CAPTACION Y DISTRIBUCION DE ENERGIA ELECTRICA ";" "
"612510";"FABRICACION DE GAS Y DISTRIBUCION DE COMBUSTIBLES GASEOSOS ";" "
"612515";"CAPTACION, DEPURACION Y DISTRIBUCION DE AGUA ";" "
"612595";"ACTIVIDADES CONEXAS ";" "
"6130";"CONSTRUCCION ";" "
"613005";"PREPARACION DE TERRENOS ";" "
"613010";"CONSTRUCCION DE EDIFICIOS Y OBRAS DE INGENIERIA CIVIL ";" "
"613015";"ACONDICIONAMIENTO DE EDIFICIOS ";" "
"613020";"TERMINACION DE EDIFICACIONES ";" "
"613025";"ALQUILER DE EQUIPO CON OPERARIO ";" "
"613095";"ACTIVIDADES CONEXAS ";" "
"6135";"COMERCIO AL POR MAYOR Y AL POR MENOR ";" "
"613502";"VENTA DE VEHICULOS AUTOMOTORES ";" "
"613504";"MANTENIMIENTO, REPARACION Y LAVADO DE VEHICULOS AUTOMOTORES ";" "
"613506";"VENTA DE PARTES, PIEZAS Y ACCESORIOS DE VEHICULOS AUTOMOTORES ";" "
"613508";"VENTA DE COMBUSTIBLES SOLIDOS, LIQUIDOS, GASEOSOS ";" "
"613510";"VENTA DE LUBRICANTES, ADITIVOS, LLANTAS Y LUJOS PARA AUTOMOTORES ";" "
"613512";"VENTA A CAMBIO DE RETRIBUCION O POR CONTRATA ";" "
"613514";"VENTA DE INSUMOS, MATERIAS PRIMAS AGROPECUARIAS Y FLORES ";" "
"613516";"VENTA DE OTROS INSUMOS Y MATERIAS PRIMAS NO AGROPECUARIAS ";" "
"613518";"VENTA DE ANIMALES VIVOS Y CUEROS ";" "
"613520";"VENTA DE PRODUCTOS EN ALMACENES NO ESPECIALIZADOS ";" "
"613522";"VENTA DE PRODUCTOS AGROPECUARIOS ";" "
"613524";"VENTA DE PRODUCTOS TEXTILES, DE VESTIR, DE CUERO Y CALZADO ";" "
"613526";"VENTA DE PAPEL Y CARTON ";" "
"613528";"VENTA DE LIBROS, REVISTAS, ELEMENTOS DE PAPELERIA, UTILES Y TEXTOS ESCOLARES ";" "
"613530";"VENTA DE JUEGOS, JUGUETES Y ARTICULOS DEPORTIVOS ";" "
"613532";"VENTA DE INSTRUMENTOS QUIRURGICOS Y ORTOPEDICOS ";" "
"613534";"VENTA DE ARTICULOS EN RELOJERIAS Y JOYERIAS ";" "
"613536";"VENTA DE ELECTRODOMESTICOS Y MUEBLES ";" "
"613538";"VENTA DE PRODUCTOS DE ASEO, FARMACEUTICOS, MEDICINALES, Y ARTICULOS DE TOCADOR ";" "
"613540";"VENTA DE CUBIERTOS, VAJILLAS, CRISTALERIA, PORCELANAS, CERAMICAS Y OTROS ARTICULOS DE USO DOMESTICO ";" "
"613542";"VENTA DE MATERIALES DE CONSTRUCCION, FONTANERIA Y CALEFACCION ";" "
"613544";"VENTA DE PINTURAS Y LACAS ";" "
"613546";"VENTA DE PRODUCTOS DE VIDRIOS Y MARQUETERIA ";" "
"613548";"VENTA DE HERRAMIENTAS Y ARTICULOS DE FERRETERIA ";" "
"613550";"VENTA DE QUIMICOS ";" "
"613552";"VENTA DE PRODUCTOS INTERMEDIOS, DESPERDICIOS Y DESECHOS ";" "
"613554";"VENTA DE MAQUINARIA, EQUIPO DE OFICINA Y PROGRAMAS DE COMPUTADOR ";" "
"613556";"VENTA DE ARTICULOS EN CACHARRERIAS Y MISCELANEAS ";" "
"613558";"VENTA DE INSTRUMENTOS MUSICALES ";" "
"613560";"VENTA DE ARTICULOS EN CASAS DE EMPE";" "
"613562";"VENTA DE EQUIPO FOTOGRAFICO ";" "
"613564";"VENTA DE EQUIPO OPTICO Y DE PRECISION ";" "
"613566";"VENTA DE EMPAQUES ";" "
"613568";"VENTA DE EQUIPO PROFESIONAL Y CIENTIFICO ";" "
"613570";"VENTA DE LOTERIAS, RIFAS, CHANCE, APUESTAS Y SIMILARES ";" "
"613572";"REPARACION DE EFECTOS PERSONALES Y ELECTRODOMESTICOS ";" "
"613595";"VENTA DE OTROS PRODUCTOS ";" "
"6140";"HOTELES Y RESTAURANTES ";" "
"614005";"HOTELERIA ";" "
"614010";"CAMPAMENTO Y OTROS TIPOS DE HOSPEDAJE ";" "
"614015";"RESTAURANTES ";" "
"614020";"BARES Y CANTINAS ";" "
"614095";"ACTIVIDADES CONEXAS ";" "
"6145";"TRANSPORTE, ALMACENAMIENTO Y COMUNICACIONES ";" "
"614505";"SERVICIO DE TRANSPORTE POR CARRETERA ";" "
"614510";"SERVICIO DE TRANSPORTE POR VIA FERREA ";" "
"614515";"SERVICIO DE TRANSPORTE POR VIA ACUATICA ";" "
"614520";"SERVICIO DE TRANSPORTE POR VIA AEREA ";" "
"614525";"SERVICIO DE TRANSPORTE POR TUBERIAS ";" "
"614530";"MANIPULACION DE CARGA ";" "
"614535";"ALMACENAMIENTO Y DEPOSITO ";" "
"614540";"SERVICIOS COMPLEMENTARIOS PARA EL TRANSPORTE ";" "
"614545";"AGENCIAS DE VIAJE ";" "
"614550";"OTRAS AGENCIAS DE TRANSPORTE ";" "
"614555";"SERVICIO POSTAL Y DE CORREO ";" "
"614560";"SERVICIO TELEFONICO ";" "
"614565";"SERVICIO DE TELEGRAFO ";" "
"614570";"SERVICIO DE TRANSMISION DE DATOS ";" "
"614575";"SERVICIO DE RADIO Y TELEVISION POR CABLE ";" "
"614580";"TRANSMISION DE SONIDO E IMAGENES POR CONTRATO ";" "
"614595";"ACTIVIDADES CONEXAS ";" "
"6150";"ACTIVIDAD FINANCIERA ";" "
"615005";"INTERESES DEPOSITOS DE AHORRO ORDINARIO";" "
"615010";"INTERESES DEPOSITOS DE AHORRO A T";" "
"615015";"INTERESES AHORRO CONTRACTUAL";" "
"615020";"INTERESES AHORRO PERMANENTE";" "
"615035";"CONTRIBUCION EMERGENCIA ECONOMICA";" "
"615040";"DIFERENCIA EN CAMBIO";" "
"615045";"PACTO DE REAJUSTE";" "
"615050";"INTERESES COMPROMISOS DE RECOMPRA INVERSIONES";" "
"615055";"INTERESES COMPROMISOS DE RECOMPRA DE CARTERA";" "
"615060";"INTERESES DE CREDITOS BANCARIOS Y FINANCIEROS";" "
"615095";"OTROS";" "
"6155";"ACTIVIDADES INMOBILIARIAS, EMPRESARIALES Y DE ALQUILER ";" "
"615505";"ARRENDAMIENTOS DE BIENES INMUEBLES ";" "
"615510";"INMOBILIARIAS POR RETRIBUCION O CONTRATA ";" "
"615515";"ALQUILER EQUIPO DE TRANSPORTE ";" "
"615520";"ALQUILER MAQUINARIA Y EQUIPO ";" "
"615525";"ALQUILER DE EFECTOS PERSONALES Y ENSERES DOMESTICOS ";" "
"615530";"CONSULTORIA EN EQUIPO Y PROGRAMAS DE INFORMATICA ";" "
"615535";"PROCESAMIENTO DE DATOS ";" "
"615540";"MANTENIMIENTO Y REPARACION DE MAQUINARIA DE OFICINA ";" "
"615545";"INVESTIGACIONES CIENTIFICAS Y DE DESARROLLO ";" "
"615550";"ACTIVIDADES EMPRESARIALES DE CONSULTORIA ";" "
"615555";"PUBLICIDAD ";" "
"615560";"DOTACION DE PERSONAL ";" "
"615565";"INVESTIGACION Y SEGURIDAD ";" "
"615570";"LIMPIEZA DE INMUEBLES ";" "
"615575";"FOTOGRAFIA ";" "
"615580";"ENVASE Y EMPAQUE ";" "
"615585";"FOTOCOPIADO ";" "
"615590";"MANTENIMIENTO Y REPARACION DE MAQUINARIA Y EQUIPO ";" "
"615595";"ACTIVIDADES CONEXAS ";" "
"6160";"ENSE";" "
"616005";"ACTIVIDADES RELACIONADAS CON LA EDUCACION ";" "
"616010";"CERTIFICACIONES";" "
"616015";"FORMULARIOS";" "
"616020";"VALOR DE DERECHOS";" "
"616025";"PAZ Y SALVO";" "
"616095";"ACTIVIDADES CONEXAS";" "
"6165";"SERVICIOS SOCIALES Y DE SALUD ";" "
"616505";"SERVICIO HOSPITALARIO ";" "
"616510";"SERVICIO MEDICO ";" "
"616515";"SERVICIO ODONTOLOGICO ";" "
"616520";"SERVICIO DE LABORATORIO ";" "
"616525";"ACTIVIDADES VETERINARIAS ";" "
"616530";"ACTIVIDADES DE SERVICIOS SOCIALES ";" "
"616595";"ACTIVIDADES CONEXAS ";" "
"6170";"OTRAS ACTIVIDADES DE SERVICIOS COMUNITARIOS, SOCIALES Y PERSONALES ";" "
"617005";"ELIMINACION DE DESPERDICIOS Y AGUAS RESIDUALES ";" "
"617010";"ACTIVIDADES DE ASOCIACION ";" "
"617015";"PRODUCCION Y DISTRIBUCION DE FILMES Y VIDEOCINTAS ";" "
"617020";"EXHIBICION DE FILMES Y VIDEOCINTAS ";" "
"617025";"ACTIVIDAD DE RADIO Y TELEVISION ";" "
"617030";"ACTIVIDAD TEATRAL, MUSICAL Y ARTISTICA ";" "
"617035";"GRABACION Y PRODUCCION DE DISCOS ";" "
"617040";"ENTRETENIMIENTO Y ESPARCIMIENTO (EVENTOS)";" "
"617045";"AGENCIAS DE NOTICIAS ";" "
"617050";"LAVANDERIAS Y SIMILARES ";" "
"617055";"PELUQUERIAS Y SIMILARES ";" "
"617060";"SERVICIOS FUNERARIOS ";" "
"617062";"VIGILANCIA Y SEGURIDAD PRIVADA";" "
"617065";"ZONAS FRANCAS ";" "
"617070";"SERVICIOS DE ASISTENCIA T";" "
"617072";"SERVICIO DE SISTEMAS Y COMPUTACION";" "
"617075";"SERVICIO DE ASESORIAS EN GENERAL";" "
"617080";"SERVICIO DE REVISORIAS Y AUDITORIAS";" "
"617085";"SERVICIO DE ASESORIA JUR";" "
"617090";"SERVICIOS VARIOS";" "
"617095";"ACTIVIDADES CONEXAS ";" "
"6175";"SERVICIO DE CREDITO";" "
"617505";"INTERESES DEPOSITOS DE AHORRO ORDINARIO";" "
"617510";"INTERESES CERTIFICADOS DE DEPOSITOS DE AHORRO A T";" "
"617515";"INTERESES AHORRO CONTRACTUAL";" "
"617520";"INTERESES AHORRO PERMANENTE";" "
"617525";"INTERESES COMROMISOS DE RECOMRA INVERSIONES";" "
"617530";"INTERESES COMROMISOS DE RECOMPRA DE CARTERA";" "
"617535";"IMPUESTO 3x1000";" "
"617540";"DIFERENCIA EN CAMBIO";" "
"617545";"PACTO DE REAJUSTE";" "
"617550";"INTERESES CREDITOS BANCARIOS Y FINANCIEROS";" "
"617595";"OTROS";" "
"62";"COMPRAS ";" "
"6205";"DE MERCANCIAS ";" "
"6210";"DE MATERIAS PRIMAS ";" "
"6215";"DE MATERIALES INDIRECTOS ";" "
"6220";"COMPRA DE ENERGIA ";" "
"6225";"DEVOLUCIONES REBAJAS Y DESCUENTOS EN COMPRAS (CR) ";" "
"622501";"DEVOLUCIONES, REBAJAS Y DESCUENTOS EN COMPRAS";" "
"71";"MATERIA PRIMA ";" "
"7105";"MATERIAS PRIMAS";" "
"710501";"MATERIAS PRIMAS UTILIZADAS";" "
"72";"MANO DE OBRA DIRECTA ";" "
"7205";"GASTOS DE PERSONAL ";" "
"720505";"COMPENSACION ORDINARIA INTEGRAL";" "
"720512";"JORNALES ";" "
"720513";"COMPENSACION ORDINARIA";" "
"720516";"TIEMPO SUPLEMENTARIO";" "
"720520";"COMPENSACION VARIABLE";" "
"720521";"VIATICOS ";" "
"720524";"INCAPACIDADES ";" "
"720528";"AYUDA PARA EL TRANSPORTE";" "
"720532";"COMPENSACION ANUAL";" "
"720533";"INTERESES COMPENSACION ANUAL DIFERIDA";" "
"720537";"COMPENSACION SEMESTRAL";" "
"720540";"DESCANSO ANUAL COMPENSADO";" "
"720545";"AUXILIOS ";" "
"720550";"COMPENSACION EXTRAORDINARIA";" "
"720551";"DOTACION Y SUMINISTRO A TRABAJADORES ";" "
"720554";"SEGUROS ";" "
"720557";"CUOTAS PARTES PENSIONES DE JUBILACION ";" "
"720558";"AMORTIZACION CALCULO ACTUARIAL PENSIONES DE JUBILACION ";" "
"720559";"PENSIONES DE JUBILACION ";" "
"720560";"INDEMNIZACIONES LABORALES ";" "
"720563";"CAPACITACION AL PERSONAL ";" "
"720566";"GASTOS DEPORTIVOS Y DE RECREACION ";" "
"720568";"APORTES A ADMINISTRADORAS DE RIESGOS PROFESIONALES A.R.P.";" "
"720569";"APORTES EPS";" "
"720570";"APORTES A FONDOS DE PENSIONES Y/0 CESANTIAS";" "
"720572";"APORTES CAJAS DE COMPENSACION FAMILIAR ";" "
"720575";"APORTES I.C.B.F. ";" "
"720578";"SENA ";" "
"720581";"APORTES SINDICALES ";" "
"720584";"GASTOS MEDICOS Y DROGAS ";" "
"720595";"OTROS ";" "
"73";"COSTOS INDIRECTOS ";" "
"7305";"GASTOS DE PERSONAL";" "
"730503";"SALARIO INTEGRAL ";" "
"730506";"SUELDOS ";" "
"730512";"JORNALES ";" "
"730515";"HORAS EXTRAS Y RECARGOS ";" "
"730518";"COMISIONES ";" "
"730521";"VIATICOS ";" "
"730524";"INCAPACIDADES ";" "
"730527";"AUXILIO DE TRANSPORTE ";" "
"730530";"CESANTIAS ";" "
"730533";"INTERESES SOBRE CESANTIAS ";" "
"730536";"PRIMA DE SERVICIOS ";" "
"730539";"VACACIONES ";" "
"730542";"PRIMAS EXTRALEGALES ";" "
"730545";"AUXILIOS ";" "
"730548";"BONIFICACIONES ";" "
"730551";"DOTACION Y SUMINISTRO A TRABAJADORES";" "
"730554";"SEGUROS ";" "
"730557";"CUOTAS PARTES PENSIONES DE JUBILACION ";" "
"730558";"AMORTIZACION CALCULO ACTUARIAL PENSIONES DE JUBILACION ";" "
"730559";"PENSIONES DE JUBILACION ";" "
"730560";"INDEMNIZACIONES LABORALES ";" "
"730563";"CAPACITACION AL PERSONAL ";" "
"730566";"GASTOS DEPORTIVOS Y DE RECREACION ";" "
"730568";"APORTES A ADMINISTRADORAS DE RIESGOS PROFESIONALES A.R.P.";" "
"730569";"APORTES EPS";" "
"730570";"APORTES A FONDOS DE PENSIONES Y/0 CESANTIAS";" "
"730572";"APORTES CAJAS DE COMPENSACION FAMILIAR ";" "
"730575";"APORTES I.C.B.F. ";" "
"730578";"SENA ";" "
"730581";"APORTES SINDICALES ";" "
"730584";"GASTOS MEDICOS Y DROGAS ";" "
"730595";"OTROS ";" "
"7310";"HONORARIOS ";" "
"731005";"JUNTA DIRECTIVA ";" "
"731010";"REVISOR";" "
"731015";"AUDITORIA EXTERNA ";" "
"731020";"AVALUOS ";" "
"731025";"ASESORIA JURIDICA ";" "
"731030";"ASESORIA FINANCIERA ";" "
"731035";"ASESORIA TECNICA ";" "
"731095";"OTROS ";" "
"7315";"IMPUESTOS ";" "
"731505";"INDUSTRIA Y COMERCIO ";" "
"731510";"DE TIMBRES";" "
"731515";"A LA PROPIEDAD RAIZ";" "
"731520";"DERECHOS SOBRE INSTRUMENTOS PUBLICOS ";" "
"731525";"DE VALORIZACION ";" "
"731530";"DE TURISMO ";" "
"731535";"TASA POR UTILIZACION DE PUERTOS ";" "
"731540";"DE VEHICULOS ";" "
"731545";"DE ESPECTACULOS PUBLICOS ";" "
"731550";"CUOTAS DE FOMENTO ";" "
"731570";"IVA DESCONTABLE ";" "
"731595";"OTROS ";" "
"7320";"ARRENDAMIENTOS ";" "
"732005";"TERRENOS ";" "
"732010";"CONSTRUCCIONES Y EDIFICACIONES ";" "
"732015";"MAQUINARIA Y EQUIPO ";" "
"732020";"MUEBLES Y EQUIPO DE OFICINA";" "
"732025";"EQUIPO DE COMPUTACION Y COMUNICACION ";" "
"732030";"EQUIPO MEDICO - CIENTIFICO ";" "
"732035";"EQUIPO DE HOTELES Y RESTAURANTES ";" "
"732040";"FLOTA Y EQUIPO DE TRANSPORTE ";" "
"732045";"FLOTA Y EQUIPO FLUVIAL Y/O MARITIMO ";" "
"732050";"FLOTA Y EQUIPO AEREO ";" "
"732055";"FLOTA Y EQUIPO FERREO ";" "
"732060";"ACUEDUCTOS PLANTAS Y REDES ";" "
"732065";"AERODROMOS ";" "
"732070";"SEMOVIENTES ";" "
"732095";"OTROS ";" "
"7325";"CONTRIBUCIONES Y AFILIACIONES ";" "
"732505";"CONTRIBUCIONES ";" "
"732510";"AFILIACIONES Y SOSTENIMIENTO";" "
"7330";"SEGUROS ";" "
"733005";"MANEJO ";" "
"733010";"CUMPLIMIENTO ";" "
"733015";"CORRIENTE DEBIL ";" "
"733020";"VIDA COLECTIVA ";" "
"733025";"INCENDIO ";" "
"733030";"TERREMOTO ";" "
"733035";"SUSTRACCION Y HURTO ";" "
"733040";"FLOTA Y EQUIPO DE TRANSPORTE ";" "
"733045";"FLOTA Y EQUIPO FLUVIAL Y/O MARITIMO ";" "
"733050";"FLOTA Y EQUIPO AEREO ";" "
"733055";"FLOTA Y EQUIPO FERREO ";" "
"733060";"RESPONSABILIDAD CIVIL Y EXTRACONTRACTUAL ";" "
"733065";"VUELO ";" "
"733070";"ROTURA DE MAQUINARIA ";" "
"733075";"OBLIGATORIO ACCIDENTE DE TRANSITO ";" "
"733080";"LUCRO CESANTE ";" "
"733085";"TRANSPORTE DE MERCANC";" "
"733095";"OTROS ";" "
"7335";"SERVICIOS ";" "
"733505";"ASEO Y VIGILANCIA ";" "
"733510";"TEMPORALES";" "
"733515";"ASISTENCIA TECNICA";" "
"733520";"PROCESAMIENTO ELECTRONICO DE DATOS ";" "
"733525";"ACUEDUCTO Y ALCANTARILLADO ";" "
"733530";"ENERGIA ELECTRICA ";" "
"733535";"TELEFONO ";" "
"73353501";"TELEFONO GRAVADO";" "
"73353502";"TELEFONO NO GRAVADO";" "
"733540";"CORREO, PORTES Y TELEGRAMAS ";" "
"733545";"FAX Y TELEX ";" "
"733550";"TRANSPORTE, FLETES Y ACARREOS ";" "
"733555";"GAS ";" "
"733595";"OTROS ";" "
"7340";"GASTOS LEGALES ";" "
"734005";"NOTARIALES ";" "
"734010";"REGISTRO MERCANTIL ";" "
"734015";"TRAMITES Y LICENCIAS ";" "
"734020";"ADUANEROS ";" "
"734025";"CONSULARES ";" "
"734095";"OTROS ";" "
"7345";"MANTENIMIENTO Y REPARACIONES ";" "
"734505";"TERRENOS ";" "
"734510";"GASTOS MANTENIMIENTOS CONSTRUCCIONES Y EDIFICACIONES";" "
"734515";"MAQUINARIA Y EQUIPO";" "
"734520";"EQUIPO DE OFICINA ";" "
"734525";"EQUIPO DE COMPUTACION Y COMUNICACION ";" "
"734530";"EQUIPO MEDICO-CIENTIFICO ";" "
"734535";"EQUIPO DE HOTELES Y RESTAURANTES ";" "
"734540";"FLOTA Y EQUIPO DE TRANSPORTE ";" "
"734545";"FLOTA Y EQUIPO FLUVIAL Y/O MARITIMO ";" "
"734550";"FLOTA Y EQUIPO AEREO ";" "
"734555";"FLOTA Y EQUIPO FERREO ";" "
"734560";"ACUEDUCTOS PLANTAS Y REDES ";" "
"734565";"ARMAMENTO DE VIGILANCIA ";" "
"734570";"VIAS DE COMUNICACION ";" "
"734730";"CONSTRUCCIONES Y EDIFICACIONES ";" "
"734735";"MAQUINARIA Y EQUIPO ";" "
"7350";"ADECUACION E INSTALACION ";" "
"735005";"INSTALACIONES ELECTRICAS ";" "
"735010";"ARREGLOS ORNAMENTALES ";" "
"735015";"REPARACIONES LOCATIVAS ";" "
"735095";"OTROS ";" "
"7355";"GASTOS DE VIAJE ";" "
"735505";"ALOJAMIENTO Y MANUTENCION ";" "
"735510";"PASAJES FLUVIALES Y MARITIMOS";" "
"735515";"PASAJES AEREOS";" "
"735520";"PASAJES TERRESTRES ";" "
"735525";"PASAJES FERREOS ";" "
"735595";"OTROS ";" "
"7360";"DEPRECIACIONES ";" "
"736005";"CONSTRUCCIONES Y EDIFICACIONES ";" "
"736010";"MAQUINARIA Y EQUIPO ";" "
"736015";"MUEBLES Y EQUIPO DE OFICINA";" "
"736020";"EQUIPO DE COMPUTACION Y COMUNICACION ";" "
"736025";"EQUIPO MEDICO - CIENTIFICO ";" "
"736030";"EQUIPO DE HOTELES Y RESTAURANTES ";" "
"736035";"FLOTA Y EQUIPO DE TRANSPORTE ";" "
"736040";"FLOTA Y EQUIPO FLUVIAL Y/O MARITIMO ";" "
"736045";"FLOTA Y EQUIPO AEREO ";" "
"736050";"FLOTA Y EQUIPO FERREO ";" "
"736055";"ACUEDUCTOS, PLANTAS Y REDES ";" "
"736060";"ARMAMENTO DE VIGILANCIA ";" "
"7365";"AMORTIZACIONES ";" "
"736505";"VIAS DE COMUNICACION ";" "
"736530";"INTANGIBLES ";" "
"736535";"CARGOS DIFERIDOS ";" "
"736595";"OTRAS AMORTIZACIONES";" "
"7395";"DIVERSOS ";" "
"739505";"COMISIONES ";" "
"739510";"LIBROS, SUSCRIPCIONES, PERIODICOS Y REVISTAS";" "
"739515";"MUSICA AMBIENTAL";" "
"739520";"GASTOS DE REPRESENTACION Y RELACIONES PUBLICAS ";" "
"739525";"ELEMENTOS DE ASEO Y CAFETERIA ";" "
"739530";"UTILES, PAPELERIA Y FOTOCOPIAS ";" "
"739535";"COMBUSTIBLES Y LUBRICANTES ";" "
"739540";"ENVASES Y EMPAQUES ";" "
"739545";"TAXIS Y BUSES ";" "
"739550";"ESTAMPILLAS ";" "
"739555";"MICROFILMACION ";" "
"739560";"CASINO Y RESTAURANTE ";" "
"739565";"PARQUEADEROS ";" "
"739570";"INDEMNIZACION POR DA";" "
"739575";"POLVORA Y SIMILARES ";" "
"739595";"OTROS GASTOS DIVERSOS";" "
"7399";"PROVISIONES ";" "
"739905";"INVERSIONES ";" "
"739910";"DEUDORES ";" "
"739915";"PROPIEDADES, PLANTA Y EQUIPO ";" "
"739995";"OTROS ACTIVOS ";" "
"739999";"CIF POR APLICAR";" "
"74";"CONTRATOS DE SERVICIOS ";" "
"7435";"SERVICIOS";" "
"743595";"OTROS SERVICIOS";" "
"81";"DERECHOS CONTINGENTES ";" "
"8105";"BIENES Y VALORES ENTREGADOS EN CUSTODIA ";" "
"810505";"BIENES MUEBLES";" "
"810510";"VALORES MOBILIARIOS ";" "
"810595";"OTROS BIENES";" "
"8110";"BIENES Y VALORES ENTREGADOS EN GARANTIA ";" "
"811005";"BIENES INMUEBLES";" "
"811010";"VALORES MOBILIARIOS";" "
"811015";"OTROS BIENES";" "
"8112";"BIENES Y VALORES EN PODER DE TERCEROS ";" "
"811205";"EN ARRENDAMIENTO ";" "
"811210";"EN PRESTAMO ";" "
"811215";"EN DEPOSITO ";" "
"811220";"EN CONSIGNACION ";" "
"8115";"LITIGIOS Y/O DEMANDAS ";" "
"811505";"LITIGIOS Y/O DEMANDAS";" "
"8120";"INTERESES CARTERA DE CREDITO";" "
"812020";"CATEGORIA C RIESGO APRECIABLE, VIVIENDA";" "
"812022";"CATEGORIA D RIESGO SIGNIFICATIVO, VIVIENDA";" "
"812024";"CATEGORIA E RIESGO DE INCOBRABILIDAD, VIVIENDA";" "
"812026";"CATEGORIA C RIESGO APRECIABLE, CONSUMO";" "
"812028";"CATEGORIA D RIESGO SIGNIFICATIVO, CONSUMO";" "
"812030";"CATEGORIA E RIESGO DE INCOBRABILIDAD, CONSUMO";" "
"812032";"CATEGORIA C RIESGO APRECIABLE, MICROCREDITOS";" "
"812034";"CATEGORIA D RIESGO SIGNIFICATIVO, MICROCREDITOS";" "
"812036";"CATEGORIA E RIESGO DE INCOBRABILIDAD, MICROCREDITOS";" "
"812038";"CATEGORIA C RIESGO APRECIABLE, COMERCIAL";" "
"812040";"CATEGORIA D RIESGO SIGNIFICATIVO, COMERCIAL";" "
"812042";"CATEGORIA E RIESGO DE INCOBRABILIDAD, COMERCIAL";" "
"8125";"BIENES Y VALORES EN ADMINISTRACION";" "
"8185";"OTRAS DEUDORAS CONTINGENTES";" "
"818505";"BIENES ADQUIRIDOS POR RECIBIR";" "
"818510";"VALORES ADQUIRIDOS POR RECIBIR";" "
"818595";"OTRAS";" "
"83";"DEUDORAS DE CONTROL";" "
"8305";"CREDITOS A FAVOR NO UTILIZADOS";" "
"830505";"PA";" "
"830510";"EXTERIOR";" "
"8310";"ACTIVOS CASTIGADOS";" "
"831005";"INVERSIONES";" "
"831010";"INVENTARIOS";" "
"831015";"CARTERA DE CR";" "
"831020";"CARTERA POR VENTA DE BIENES Y SERVICIOS";" "
"831025";"CUENTAS POR COBRAR";" "
"831030";"PROPIEDADES PLANTA Y EQUIPOS";" "
"831095";"OTROS ACTIVOS";" "
"8320";"PROPIEDADES, PLANTA Y EQUIPO TOTALMENTE DEPRECIADOS";" "
"832005";"MAUSOLEOS";" "
"832010";"EDIFICACIONES";" "
"832015";"MUEBLES Y EQUIPO DE OFICINA";" "
"832020";"EQUIPO DE C";" "
"832025";"MAQUINARIA Y EQUIPO";" "
"832030";"VEHICULOS";" "
"832035";"LABORATORIO Y ELEMENTOS DID";" "
"832040";"SEMOVIENTES";" "
"832045";"EQUIPO HOTELES Y RESTAURANTES";" "
"832050";"EQUIPO MEDICO - CIENT";" "
"832055";"ENVASES Y EMPAQUES";" "
"832060";"ARMAMENTO DE VIGILANCIA";" "
"8325";"APORTES SUSCRITOS POR COBRAR";" "
"832505";"APORTES SUSCRITOS POR COBRAR";" "
"8330";"AJUSTES POR INFLACION ACTIVOS";" "
"833015";"PROPIEDADES, PLANTA Y EQUIPOS";" "
"833020";"CARGOS DIFERIDOS";" "
"833025";"OTROS ACTIVOS";" "
"8385";"OTRAS DEUDORAS DE CONTROL";" "
"838505";"CHEQUES DEVUELTOS";" "
"838510";"CHEQUES POSFECHADOS";" "
"838585";"OTRAS";" "
"86";"DEUDORAS CONTINGENTES POR CONTRA";" "
"8605";"DEUDORAS CONTINGENTES POR EL CONTRARIO (CR)";" "
"88";"DEUDORAS DE CONTROL POR CONTRA";" "
"8805";"DEUDORAS DE CONTROL POR CONTRA";" "
"91";"ACREEDORAS CONTINGENTES";" "
"9105";"BIENES Y VALORES RECIBIDOS EN CUSTODIA";" "
"910505";"BIENES MUEBLES";" "
"910510";"VALORES MOBILIARIOS";" "
"9110";"BIENES Y VALORES RECIBIDOS EN GARANTIA - GARANTIA ADMISIBLE";" "
"911005";"DE CREDITOS COMERCIALES";" "
"911010";"DE CREDITOS CONSUMO";" "
"911015";"DE CREDITOS VIVIENDA";" "
"911020";"DE MICROCREDITO";" "
"911025";"DE CUENTAS POR COBRAR";" "
"911095";"DE OTROS ACTIVOS";" "
"9115";"BIENES Y VALORES RECIBIDOS EN GARANTIA - OTRAS GARANTIAS";" "
"911505";"DE CREDITOS COMERCIALES";" "
"911510";"DE CREDITOS CONSUMO";" "
"911515";"DE CREDITOS DE VIVIENDA";" "
"911520";"DE MICROCREDITO";" "
"911595";"DE OTROS ACTIVOS";" "
"9120";"BIENES Y VALORES EN ADMINISTRACI";" "
"912005";"CARTERA FOGACOOP";" "
"9125";"CREDITOS APROBADOS NO DESEMBOLSADOS";" "
"912505";"CR";" "
"9130";"APERTURA DE CREDITO";" "
"913005";"CREDITOS";" "
"913095";"OTRAS";" "
"9140";"BIENES Y VALORES RECIBIDOS DE TERCEROS";" "
"914005";"EN ARRENDAMIENTOS";" "
"914010";"EN PR";" "
"914015";"EN DEP";" "
"914020";"EN CONSIGNACI";" "
"914025";"EN COMODATO";" "
"9145";"LITIGIOS Y/O DEMANDAS";" "
"914505";"LITIGIOS Y/O DEMANDAS";" "
"9155";"DERECHOS CEDIDOS POR AHORRADORES EN ENTIDADES EN LIQUIDACION";" "
"915505";"DERECHOS CEDIDOS POR AHORRADORES EN ENTIDADES EN LIQUIDACION";" "
"9185";"OTRAS CUENTAS ACREEDORAS CONTINGENTES";" "
"918505";"SUSTITUCI";" "
"918510";"SEGURO DE CR";" "
"918585";"OTRAS";" "
"93";"ACREEDORAS DE CONTROL";" "
"9305";"CONTRATOS DE ARRENDAMIENTOS FINANCIEROS";" "
"930505";"BIENES MUEBLES";" "
"930510";"BIENES INMUEBLES";" "
"9312";"CAPITAL MINIMO IRREDUCIBLE";" "
"931205";"CAPITAL MINIMO IRREDUCIBLE";" "
"9315";"CAPITALIZACION REVALORIZACION DEL PATRIMONIO";" "
"931505";"CAPITALIZACI";" "
"9350";"OTRAS ACREEDORAS DE CONTROL";" "
"96";"ACREEDORAS CONTINGENTES POR CONTRA";" "
"9605";"ACREEDORAS CONTINGENTES POR CONTRA (DB)";" "
"98";"ACREEDORAS DE CONTROL POR CONTRA";" "
"9805";"ACREEDORAS DE CONTROL POR CONTRA (DB)";" "
"9806";"INVENTARIOS ";" "
"980605";"MERCANCIAS NO FABRICADAS POR LA EMPRESA ";" "
"413509";"VENTA DE COMBUSTIBLES SOLIDOS,TERCEROS";""
"417501";"DEVOL/REBAJ/DESC EN VENTAS DB";""
"613509";"VENTA DE COMBUSTIBLE DIESEL";""
"960505";"CONTROL CONTRATOS-CR";""
"424530";"UTILIDAD VTA PROPIEDAD PLANTA Y EQUIPO";""
"812505";"BIENES Y VALORES EN ADMINISTRACION";""
"960501";"ACREEDORAS CONTINGENTES POR CONTRA";""
